source,date_header,sport,time_unix,time,tournament,tournament_url,matchup,watch_url,is_live,streams,embed_url
streamed.pk,"Sunday, January 18, 2026",Football,1768779000000,2026-01-18 18:30:00-05:00,,,Guarani vs Santos,,True,[],
streamed.pk,"Sunday, January 18, 2026",Basketball,1768779000000,2026-01-18 18:30:00-05:00,,,Houston vs Arizona State,https://embedsports.top/embed/delta/live_ncaa_houston-arizona-state-live-streaming-461817504/1,True,[],https://embedsports.top/embed/delta/live_ncaa_houston-arizona-state-live-streaming-461817504/1
streamed.pk,"Sunday, January 18, 2026",American Football,1768779000000,2026-01-18 18:30:00-05:00,,,Chicago Bears vs Los Angeles Rams,https://embedsports.top/embed/admin/ppv-los-angeles-rams-vs-chicago-bears/1,True,[],https://embedsports.top/embed/admin/ppv-los-angeles-rams-vs-chicago-bears/1
streamed.pk,"Sunday, January 18, 2026",Football,1768778400000,2026-01-18 18:20:00-05:00,,,Atlético Junior vs Deportes Tolima,https://embedsports.top/embed/echo/junior-vs-deportes-tolima-football-1498268/1,True,[],https://embedsports.top/embed/echo/junior-vs-deportes-tolima-football-1498268/1
streamed.pk,"Sunday, January 18, 2026",Football,1768777200000,2026-01-18 18:00:00-05:00,,,Santos Laguna vs FC Juarez,https://embedsports.top/embed/echo/santos-laguna-vs-fc-juarez-football-1491816/1,True,[],https://embedsports.top/embed/echo/santos-laguna-vs-fc-juarez-football-1491816/1
streamed.pk,"Sunday, January 18, 2026","Fight (UFC, Boxing)",1768777200000,2026-01-18 18:00:00-05:00,,,Crime Wave,https://embedsports.top/embed/echo/ppv-event-02-gcw-crime-wave-ppv-02/1,True,[],https://embedsports.top/embed/echo/ppv-event-02-gcw-crime-wave-ppv-02/1
streamed.pk,"Sunday, January 18, 2026","Fight (UFC, Boxing)",1768775400000,2026-01-18 17:30:00-05:00,,,MMA: FURY FC 113,https://embedsports.top/embed/charlie/fury-fc-113-1629473686/1,True,[],https://embedsports.top/embed/charlie/fury-fc-113-1629473686/1
streamed.pk,"Sunday, January 18, 2026",Football,1768773600000,2026-01-18 17:00:00-05:00,,,Independ. Rivadavia vs CA Estudiantes,https://embedsports.top/embed/echo/independ-rivadavia-vs-ca-estudiantes-football-1502446/1,True,[],https://embedsports.top/embed/echo/independ-rivadavia-vs-ca-estudiantes-football-1502446/1
streamed.pk,"Sunday, January 18, 2026",Basketball,1768773600000,2026-01-18 17:00:00-05:00,,,Memphis Tigers vs Texas San Antonio Roadrunners,https://embedsports.top/embed/delta/live_ncaa_memphis-utsa-live-streaming-461817936/1,True,[],https://embedsports.top/embed/delta/live_ncaa_memphis-utsa-live-streaming-461817936/1
streamed.pk,"Sunday, January 18, 2026",Hockey,1768773600000,2026-01-18 17:00:00-05:00,,,Detroit Red Wings vs Ottawa Senators,https://embedsports.top/embed/admin/ppv-ottawa-senators-vs-detroit-red-wings/1,True,[],https://embedsports.top/embed/admin/ppv-ottawa-senators-vs-detroit-red-wings/1
streamed.pk,"Sunday, January 18, 2026",Basketball,1768773600000,2026-01-18 17:00:00-05:00,,,Tulane vs North Texas,https://embedsports.top/embed/delta/live_ncaa_tulane-north-texas-live-streaming-461817072/1,True,[],https://embedsports.top/embed/delta/live_ncaa_tulane-north-texas-live-streaming-461817072/1
streamed.pk,"Sunday, January 18, 2026",Football,1768768200000,2026-01-18 15:30:00-05:00,,,Vitoria Guimaraes vs FC Porto,https://embedsports.top/embed/bravo/1768768200000-vitoria-guimaraes-fc-porto/1,True,[],https://embedsports.top/embed/bravo/1768768200000-vitoria-guimaraes-fc-porto/1
streamed.pk,"Sunday, January 18, 2026",Hockey,1768767000000,2026-01-18 15:10:00-05:00,,,Atlanta Gladiators vs Greenville Swamp Rabbits,https://embedsports.top/embed/bravo/1768767000000-atlanta-gladiators-greenville-swamp-rabbits/1,True,[],https://embedsports.top/embed/bravo/1768767000000-atlanta-gladiators-greenville-swamp-rabbits/1
streamed.pk,"Sunday, January 18, 2026",Hockey,1768766700000,2026-01-18 15:05:00-05:00,,,Worcester Railers vs Maine Mariners,https://embedsports.top/embed/bravo/1768766700000-worcester-railers-maine-mariners/1,True,[],https://embedsports.top/embed/bravo/1768766700000-worcester-railers-maine-mariners/1
streamed.pk,"Sunday, January 18, 2026",Hockey,1768766700000,2026-01-18 15:05:00-05:00,,,Providence Bruins vs Cleveland Monsters,https://embedsports.top/embed/bravo/1768766700000-providence-bruins-cleveland-monsters/1,True,[],https://embedsports.top/embed/bravo/1768766700000-providence-bruins-cleveland-monsters/1
streamed.pk,"Sunday, January 18, 2026",Hockey,1768766400000,2026-01-18 15:00:00-05:00,,,Trois-Rivieres Lions vs Adirondack Thunder,https://embedsports.top/embed/bravo/1768766400000-trois-rivieres-lions-adirondack-thunder/1,True,[],https://embedsports.top/embed/bravo/1768766400000-trois-rivieres-lions-adirondack-thunder/1
streamed.pk,"Sunday, January 18, 2026",Football,1768766400000,2026-01-18 15:00:00-05:00,,,Cordoba vs Malaga,https://embedsports.top/embed/bravo/1768766400000-cordoba-malaga/1,True,[],https://embedsports.top/embed/bravo/1768766400000-cordoba-malaga/1
streamed.pk,"Sunday, January 18, 2026",Basketball,1768766400000,2026-01-18 15:00:00-05:00,,,Mississippi State (W) vs #7 Kentucky (W),https://embedsports.top/embed/bravo/1768766400000-mississippi-state-w-7-kentucky-w-/1,True,[],https://embedsports.top/embed/bravo/1768766400000-mississippi-state-w-7-kentucky-w-/1
streamed.pk,"Sunday, January 18, 2026",Basketball,1768766400000,2026-01-18 15:00:00-05:00,,,#25 Illinois (W) vs Northwestern (W),https://embedsports.top/embed/bravo/1768766400000-25-illinois-w-northwestern-w-/1,True,[],https://embedsports.top/embed/bravo/1768766400000-25-illinois-w-northwestern-w-/1
streamed.pk,"Sunday, January 18, 2026",Basketball,1768766400000,2026-01-18 15:00:00-05:00,,,#13 Oklahoma (W) vs #6 LSU (W),https://embedsports.top/embed/bravo/1768766400000-13-oklahoma-w-6-lsu-w-/1,True,[],https://embedsports.top/embed/bravo/1768766400000-13-oklahoma-w-6-lsu-w-/1
streamed.pk,"Sunday, January 18, 2026",Basketball,1768766400000,2026-01-18 15:00:00-05:00,,,Blackburn vs Eastern Illinois,https://embedsports.top/embed/bravo/1768766400000-blackburn-vs-eastern-illinois/1,True,[],https://embedsports.top/embed/bravo/1768766400000-blackburn-vs-eastern-illinois/1
streamed.pk,"Sunday, January 18, 2026",Football,1768766400000,2026-01-18 15:00:00-05:00,,,Real Sociedad vs Barcelona,https://embedsports.top/embed/bravo/1768766400000-real-sociedad-barcelona/1,True,[],https://embedsports.top/embed/bravo/1768766400000-real-sociedad-barcelona/1
streamed.pk,"Sunday, January 18, 2026",Hockey,1768766400000,2026-01-18 15:00:00-05:00,,,Calgary Wranglers vs Bakersfield Condors,https://embedsports.top/embed/bravo/1768766400000-calgary-wranglers-bakersfield-condors/1,True,[],https://embedsports.top/embed/bravo/1768766400000-calgary-wranglers-bakersfield-condors/1
streamed.pk,"Sunday, January 18, 2026",Hockey,1768766400000,2026-01-18 15:00:00-05:00,,,Savannah vs South Carolina Stingrays,https://embedsports.top/embed/bravo/1768766400000-savannah-ghost-pirates-south-carolina-stingrays/1,True,[],https://embedsports.top/embed/bravo/1768766400000-savannah-ghost-pirates-south-carolina-stingrays/1
streamed.pk,"Sunday, January 18, 2026",Basketball,1768766400000,2026-01-18 15:00:00-05:00,,,UAB vs Tulsa,https://embedsports.top/embed/bravo/1768766400000-tulsa-vs-uab/1,True,[],https://embedsports.top/embed/bravo/1768766400000-tulsa-vs-uab/1
streamed.pk,"Sunday, January 18, 2026",American Football,1768766400000,2026-01-18 15:00:00-05:00,,,New England Patriots vs Houston Texans,https://embedsports.top/embed/golf/19181/1,True,[],https://embedsports.top/embed/golf/19181/1
streamed.pk,"Sunday, January 18, 2026",Football,1768762800000,2026-01-18 14:00:00-05:00,,,Senegal vs Morocco,,True,[],
streamed.pk,"Sunday, January 18, 2026",Other,1768759200000,2026-01-18 13:00:00-05:00,,,Sony Open in Hawaii | PGA Tour,,False,[],
streamed.pk,"Sunday, January 18, 2026",Football,1768757400000,2026-01-18 12:30:00-05:00,,,Albacete vs Cadiz CF,https://embedsports.top/embed/bravo/1768757400000-albacete-cadiz-cf/1,False,[],https://embedsports.top/embed/bravo/1768757400000-albacete-cadiz-cf/1
streamed.pk,"Sunday, January 18, 2026",Football,1768757400000,2026-01-18 12:30:00-05:00,,,Neom vs Al-Hilal,https://embedsports.top/embed/bravo/1768757400000-neom-sc-al-hilal/1,False,[],https://embedsports.top/embed/bravo/1768757400000-neom-sc-al-hilal/1
streamed.pk,"Sunday, January 18, 2026",Football,1768757400000,2026-01-18 12:30:00-05:00,,,Auchinleck Talbot vs Celtic,https://embedsports.top/embed/bravo/1768757400000-auchinleck-talbot-celtic/1,False,[],https://embedsports.top/embed/bravo/1768757400000-auchinleck-talbot-celtic/1
streamed.pk,"Sunday, January 18, 2026",Football,1768757400000,2026-01-18 12:30:00-05:00,,,Celta Vigo vs Rayo Vallecano,https://embedsports.top/embed/bravo/1768757400000-celta-vigo-rayo-vallecano/1,False,[],https://embedsports.top/embed/bravo/1768757400000-celta-vigo-rayo-vallecano/1
streamed.pk,"Sunday, January 18, 2026",Football,1768757400000,2026-01-18 12:30:00-05:00,,,Charleroi vs Standard Liège,https://embedsports.top/embed/bravo/1768757400000-charleroi-standard-liege/1,False,[],https://embedsports.top/embed/bravo/1768757400000-charleroi-standard-liege/1
streamed.pk,"Sunday, January 18, 2026",Football,1768757400000,2026-01-18 12:30:00-05:00,,,Burgos vs Huesca,https://embedsports.top/embed/bravo/1768757400000-burgos-cf-huesca/1,False,[],https://embedsports.top/embed/bravo/1768757400000-burgos-cf-huesca/1
streamed.pk,"Sunday, January 18, 2026",Rugby,1768757400000,2026-01-18 12:30:00-05:00,,,Racing Métro 92 vs Cheetahs,https://embedsports.top/embed/bravo/1768757400000-racing-92-cheetahs/1,False,[],https://embedsports.top/embed/bravo/1768757400000-racing-92-cheetahs/1
streamed.pk,"Sunday, January 18, 2026",Rugby,1768757400000,2026-01-18 12:30:00-05:00,,,Glasgow vs Saracens,https://embedsports.top/embed/bravo/1768757400000-glasgow-warriors-saracens/1,False,[],https://embedsports.top/embed/bravo/1768757400000-glasgow-warriors-saracens/1
streamed.pk,"Sunday, January 18, 2026",Hockey,1768757400000,2026-01-18 12:30:00-05:00,,,Coventry Blaze vs Glasgow Clan,https://embedsports.top/embed/bravo/1768757400000-coventry-glasgow/1,False,[],https://embedsports.top/embed/bravo/1768757400000-coventry-glasgow/1
streamed.pk,"Sunday, January 18, 2026",Basketball,1768757400000,2026-01-18 12:30:00-05:00,,,Maccabi Rishon LeZion vs Maccabi Ironi Ramat Gan,https://embedsports.top/embed/bravo/1768757400000-maccabi-rishon-lezion-maccabi-ironi-ramat-gan/1,False,[],https://embedsports.top/embed/bravo/1768757400000-maccabi-rishon-lezion-maccabi-ironi-ramat-gan/1
streamed.pk,"Sunday, January 18, 2026",Football,1768755600000,2026-01-18 12:00:00-05:00,,,Alanyaspor vs Fenerbahce,https://embedsports.top/embed/bravo/1768755600000-alanyaspor-fenerbahce/1,False,[],https://embedsports.top/embed/bravo/1768755600000-alanyaspor-fenerbahce/1
streamed.pk,"Sunday, January 18, 2026",Football,1768755600000,2026-01-18 12:00:00-05:00,,,Guadalajara Chivas W vs Santos Laguna W,https://embedsports.top/embed/bravo/1768755600000-guadalajara-chivas-w-santos-laguna-w/1,False,[],https://embedsports.top/embed/bravo/1768755600000-guadalajara-chivas-w-santos-laguna-w/1
streamed.pk,"Sunday, January 18, 2026",Basketball,1768755600000,2026-01-18 12:00:00-05:00,,,Sleza Wroclaw W vs Lublin W,https://embedsports.top/embed/bravo/1768755600000-sleza-wroclaw-w-lublin-w/1,False,[],https://embedsports.top/embed/bravo/1768755600000-sleza-wroclaw-w-lublin-w/1
streamed.pk,"Sunday, January 18, 2026",Basketball,1768755600000,2026-01-18 12:00:00-05:00,,,Lancut vs Poznan,https://embedsports.top/embed/bravo/1768755600000-lancut-poznan/1,False,[],https://embedsports.top/embed/bravo/1768755600000-lancut-poznan/1
streamed.pk,"Sunday, January 18, 2026",Basketball,1768755600000,2026-01-18 12:00:00-05:00,,,Rostock vs Syntainics MBC,https://embedsports.top/embed/bravo/1768755600000-rostock-syntainics-mbc/1,False,[],https://embedsports.top/embed/bravo/1768755600000-rostock-syntainics-mbc/1
streamed.pk,"Sunday, January 18, 2026",Basketball,1768755600000,2026-01-18 12:00:00-05:00,,,Stony Brook (W) vs Towson (W),https://embedsports.top/embed/bravo/1768755600000-stony-brook-w-towson-w-/1,False,[],https://embedsports.top/embed/bravo/1768755600000-stony-brook-w-towson-w-/1
streamed.pk,"Sunday, January 18, 2026",Basketball,1768755600000,2026-01-18 12:00:00-05:00,,,Coppin State (W) vs #2 South Carolina (W),https://embedsports.top/embed/bravo/1768755600000-coppin-state-w-2-south-carolina-w-/1,False,[],https://embedsports.top/embed/bravo/1768755600000-coppin-state-w-2-south-carolina-w-/1
streamed.pk,"Sunday, January 18, 2026",Basketball,1768755600000,2026-01-18 12:00:00-05:00,,,Richmond (W) vs VCU (W),https://embedsports.top/embed/bravo/1768755600000-richmond-w-vcu-w-/1,False,[],https://embedsports.top/embed/bravo/1768755600000-richmond-w-vcu-w-/1
streamed.pk,"Sunday, January 18, 2026",Basketball,1768755600000,2026-01-18 12:00:00-05:00,,,Boston College (W) vs California (W),https://embedsports.top/embed/bravo/1768755600000-boston-college-w-california-w-/1,False,[],https://embedsports.top/embed/bravo/1768755600000-boston-college-w-california-w-/1
streamed.pk,"Sunday, January 18, 2026",Basketball,1768755600000,2026-01-18 12:00:00-05:00,,,Georgia (W) vs #16 Ole Miss (W),https://embedsports.top/embed/bravo/1768755600000-georgia-w-16-ole-miss-w-/1,False,[],https://embedsports.top/embed/bravo/1768755600000-georgia-w-16-ole-miss-w-/1
streamed.pk,"Sunday, January 18, 2026",Basketball,1768755600000,2026-01-18 12:00:00-05:00,,,Clemson (W) vs Wake Forest (W),https://embedsports.top/embed/bravo/1768755600000-clemson-w-wake-forest-w-/1,False,[],https://embedsports.top/embed/bravo/1768755600000-clemson-w-wake-forest-w-/1
streamed.pk,"Sunday, January 18, 2026",Football,1768755600000,2026-01-18 12:00:00-05:00,,,PAOK vs OFI,https://embedsports.top/embed/bravo/1768755600000-paok-ofi-crete/1,False,[],https://embedsports.top/embed/bravo/1768755600000-paok-ofi-crete/1
streamed.pk,"Sunday, January 18, 2026",Football,1768755600000,2026-01-18 12:00:00-05:00,,,Torino vs Roma,https://embedsports.top/embed/bravo/1768755600000-torino-as-roma/1,False,[],https://embedsports.top/embed/bravo/1768755600000-torino-as-roma/1
streamed.pk,"Sunday, January 18, 2026",Hockey,1768755600000,2026-01-18 12:00:00-05:00,,,Fife Flyers vs Dundee Stars,https://embedsports.top/embed/bravo/1768755600000-fife-dundee/1,False,[],https://embedsports.top/embed/bravo/1768755600000-fife-dundee/1
streamed.pk,"Sunday, January 18, 2026",Basketball,1768755600000,2026-01-18 12:00:00-05:00,,,Udine vs Pallacanestro Reggiana,https://embedsports.top/embed/bravo/1768755600000-udine-reggiana/1,False,[],https://embedsports.top/embed/bravo/1768755600000-udine-reggiana/1
streamed.pk,"Sunday, January 18, 2026",Basketball,1768755600000,2026-01-18 12:00:00-05:00,,,Temple vs Florida Atlantic,https://embedsports.top/embed/bravo/1768755600000-florida-atlantic-vs-temple/1,False,[],https://embedsports.top/embed/bravo/1768755600000-florida-atlantic-vs-temple/1
streamed.pk,"Sunday, January 18, 2026",Basketball,1768755600000,2026-01-18 12:00:00-05:00,,,CB Murcia vs Basket Zaragoza,https://embedsports.top/embed/bravo/1768755600000-murcia-basket-zaragoza/1,False,[],https://embedsports.top/embed/bravo/1768755600000-murcia-basket-zaragoza/1
streamed.pk,"Sunday, January 18, 2026",Basketball,1768755600000,2026-01-18 12:00:00-05:00,,,KK Bosna Royal vs KK Mega Basket,https://embedsports.top/embed/bravo/1768755600000-kk-bosna-mega-basket/1,False,[],https://embedsports.top/embed/bravo/1768755600000-kk-bosna-mega-basket/1
streamed.pk,"Sunday, January 18, 2026",Basketball,1768755600000,2026-01-18 12:00:00-05:00,,,Memphis Grizzlies vs Orlando Magic,https://embedsports.top/embed/bravo/1768755600000-orlando-magic-vs-memphis-grizzlies/1,False,[],https://embedsports.top/embed/bravo/1768755600000-orlando-magic-vs-memphis-grizzlies/1
streamed.pk,"Sunday, January 18, 2026",Basketball,1768755600000,2026-01-18 12:00:00-05:00,,,Maryland vs Penn State,https://embedsports.top/embed/bravo/1768755600000-penn-state-vs-maryland/1,False,[],https://embedsports.top/embed/bravo/1768755600000-penn-state-vs-maryland/1
streamed.pk,"Sunday, January 18, 2026",Hockey,1768753800000,2026-01-18 11:30:00-05:00,,,Black Wings Linz vs KAC Klagenfurt,https://embedsports.top/embed/bravo/1768753800000-black-wings-linz-kac-klagenfurt/1,False,[],https://embedsports.top/embed/bravo/1768753800000-black-wings-linz-kac-klagenfurt/1
streamed.pk,"Sunday, January 18, 2026",Football,1768753800000,2026-01-18 11:30:00-05:00,,,Inter Milan U23 vs Virtus Verona,https://embedsports.top/embed/bravo/1768753800000-inter-u23-virtus-verona/1,False,[],https://embedsports.top/embed/bravo/1768753800000-inter-u23-virtus-verona/1
streamed.pk,"Sunday, January 18, 2026",Football,1768753800000,2026-01-18 11:30:00-05:00,,,Picerno vs Latina,https://embedsports.top/embed/bravo/1768753800000-picerno-latina/1,False,[],https://embedsports.top/embed/bravo/1768753800000-picerno-latina/1
streamed.pk,"Sunday, January 18, 2026",Football,1768753800000,2026-01-18 11:30:00-05:00,,,Pontedera vs Pineto,https://embedsports.top/embed/bravo/1768753800000-pontedera-pineto/1,False,[],https://embedsports.top/embed/bravo/1768753800000-pontedera-pineto/1
streamed.pk,"Sunday, January 18, 2026",Football,1768753800000,2026-01-18 11:30:00-05:00,,,Renate vs AlbinoLeffe,https://embedsports.top/embed/bravo/1768753800000-renate-albinoleffe/1,False,[],https://embedsports.top/embed/bravo/1768753800000-renate-albinoleffe/1
streamed.pk,"Sunday, January 18, 2026",Football,1768753800000,2026-01-18 11:30:00-05:00,,,Bra vs Ravenna,https://embedsports.top/embed/bravo/1768753800000-bra-ravenna/1,False,[],https://embedsports.top/embed/bravo/1768753800000-bra-ravenna/1
streamed.pk,"Sunday, January 18, 2026",Football,1768753800000,2026-01-18 11:30:00-05:00,,,FC Augsburg vs Freiburg,https://embedsports.top/embed/bravo/1768753800000-augsburg-sc-freiburg/1,False,[],https://embedsports.top/embed/bravo/1768753800000-augsburg-sc-freiburg/1
streamed.pk,"Sunday, January 18, 2026",Football,1768753800000,2026-01-18 11:30:00-05:00,,,Aston Villa vs Everton,https://embedsports.top/embed/bravo/1768753800000-aston-villa-everton/1,False,[],https://embedsports.top/embed/bravo/1768753800000-aston-villa-everton/1
streamed.pk,"Sunday, January 18, 2026",Hockey,1768753800000,2026-01-18 11:30:00-05:00,,,Poprad vs Nitra,https://embedsports.top/embed/bravo/1768753800000-poprad-hk-nitra/1,False,[],https://embedsports.top/embed/bravo/1768753800000-poprad-hk-nitra/1
streamed.pk,"Sunday, January 18, 2026",Basketball,1768753800000,2026-01-18 11:30:00-05:00,,,GTK Gliwice vs Stal Ostrów Wielkopolski,https://embedsports.top/embed/bravo/1768753800000-gtk-gliwice-ostrow-wielkopolski/1,False,[],https://embedsports.top/embed/bravo/1768753800000-gtk-gliwice-ostrow-wielkopolski/1
streamed.pk,"Sunday, January 18, 2026",Football,1768752900000,2026-01-18 11:15:00-05:00,,,Nantes vs Paris FC,https://embedsports.top/embed/bravo/1768752900000-nantes-paris-fc/1,False,[],https://embedsports.top/embed/bravo/1768752900000-nantes-paris-fc/1
streamed.pk,"Sunday, January 18, 2026",Football,1768752900000,2026-01-18 11:15:00-05:00,,,Rennes vs Le Havre,https://embedsports.top/embed/bravo/1768752900000-rennes-le-havre/1,False,[],https://embedsports.top/embed/bravo/1768752900000-rennes-le-havre/1
streamed.pk,"Sunday, January 18, 2026",Football,1768752900000,2026-01-18 11:15:00-05:00,,,Palermo vs Spezia,https://embedsports.top/embed/bravo/1768752900000-palermo-spezia/1,False,[],https://embedsports.top/embed/bravo/1768752900000-palermo-spezia/1
streamed.pk,"Sunday, January 18, 2026",Hockey,1768752000000,2026-01-18 11:00:00-05:00,,,Zvolen vs Spisska Nova Ves,https://embedsports.top/embed/bravo/1768752000000-zvolen-spisska-nova-ves/1,False,[],https://embedsports.top/embed/bravo/1768752000000-zvolen-spisska-nova-ves/1
streamed.pk,"Sunday, January 18, 2026",Hockey,1768752000000,2026-01-18 11:00:00-05:00,,,Zilina vs Liptovsky Mikulas,https://embedsports.top/embed/bravo/1768752000000-zilina-liptovsky-mikulas/1,False,[],https://embedsports.top/embed/bravo/1768752000000-zilina-liptovsky-mikulas/1
streamed.pk,"Sunday, January 18, 2026",Hockey,1768752000000,2026-01-18 11:00:00-05:00,,,Zaglebie Sosnowiec vs Jastrzebie,https://embedsports.top/embed/bravo/1768752000000-zaglebie-sosnowiec-jastrzebie/1,False,[],https://embedsports.top/embed/bravo/1768752000000-zaglebie-sosnowiec-jastrzebie/1
streamed.pk,"Sunday, January 18, 2026",Hockey,1768752000000,2026-01-18 11:00:00-05:00,,,Unia Oswiecim vs Krakow,https://embedsports.top/embed/bravo/1768752000000-unia-oswiecim-krakow/1,False,[],https://embedsports.top/embed/bravo/1768752000000-unia-oswiecim-krakow/1
streamed.pk,"Sunday, January 18, 2026",Hockey,1768752000000,2026-01-18 11:00:00-05:00,,,Dynamo Pardubice vs Ceske Budejovice,https://embedsports.top/embed/bravo/1768752000000-dynamo-pardubice-ceske-budejovice/1,False,[],https://embedsports.top/embed/bravo/1768752000000-dynamo-pardubice-ceske-budejovice/1
streamed.pk,"Sunday, January 18, 2026",Hockey,1768752000000,2026-01-18 11:00:00-05:00,,,Polonia Bytom vs GKS Tychy,https://embedsports.top/embed/bravo/1768752000000-bytom-tychy/1,False,[],https://embedsports.top/embed/bravo/1768752000000-bytom-tychy/1
streamed.pk,"Sunday, January 18, 2026",Football,1768751100000,2026-01-18 10:45:00-05:00,,,CFR Cluj vs Otelul,https://embedsports.top/embed/bravo/1768751100000-cfr-cluj-otelul/1,False,[],https://embedsports.top/embed/bravo/1768751100000-cfr-cluj-otelul/1
streamed.pk,"Sunday, January 18, 2026",Football,1768751100000,2026-01-18 10:45:00-05:00,,,Feyenoord vs Sparta Rotterdam,https://embedsports.top/embed/bravo/1768751100000-feyenoord-sparta-rotterdam/1,False,[],https://embedsports.top/embed/bravo/1768751100000-feyenoord-sparta-rotterdam/1
streamed.pk,"Sunday, January 18, 2026",Hockey,1768750200000,2026-01-18 10:30:00-05:00,,,Ban. Bystrica vs Michalovce,https://embedsports.top/embed/bravo/1768750200000-ban-bystrica-michalovce/1,False,[],https://embedsports.top/embed/bravo/1768750200000-ban-bystrica-michalovce/1
streamed.pk,"Sunday, January 18, 2026",Hockey,1768750200000,2026-01-18 10:30:00-05:00,,,Sodertalje vs Oskarshamn,https://embedsports.top/embed/bravo/1768750200000-sodertalje-oskarshamn/1,False,[],https://embedsports.top/embed/bravo/1768750200000-sodertalje-oskarshamn/1
streamed.pk,"Sunday, January 18, 2026",Hockey,1768750200000,2026-01-18 10:30:00-05:00,,,Mlada Boleslav vs HC Ocelari Trinec,https://embedsports.top/embed/bravo/1768750200000-mlada-boleslav-hc-ocelari-trinec/1,False,[],https://embedsports.top/embed/bravo/1768750200000-mlada-boleslav-hc-ocelari-trinec/1
streamed.pk,"Sunday, January 18, 2026",Hockey,1768750200000,2026-01-18 10:30:00-05:00,,,EC Red Bull Salzburg vs Bolzano,https://embedsports.top/embed/bravo/1768750200000-fc-salzburg-bolzano/1,False,[],https://embedsports.top/embed/bravo/1768750200000-fc-salzburg-bolzano/1
streamed.pk,"Sunday, January 18, 2026",Hockey,1768750200000,2026-01-18 10:30:00-05:00,,,Kölner Haie vs Iserlohn Roosters,https://embedsports.top/embed/bravo/1768750200000-kolner-haie-iserlohn-roosters/1,False,[],https://embedsports.top/embed/bravo/1768750200000-kolner-haie-iserlohn-roosters/1
streamed.pk,"Sunday, January 18, 2026",Hockey,1768750200000,2026-01-18 10:30:00-05:00,,,Plzen vs Mountfield HK,https://embedsports.top/embed/bravo/1768750200000-viktoria-plzen-mountfield-hk/1,False,[],https://embedsports.top/embed/bravo/1768750200000-viktoria-plzen-mountfield-hk/1
streamed.pk,"Sunday, January 18, 2026",Hockey,1768750200000,2026-01-18 10:30:00-05:00,,,Straubing Tigers vs Augsburger Panther,https://embedsports.top/embed/bravo/1768750200000-straubing-tigers-augsburger-panther/1,False,[],https://embedsports.top/embed/bravo/1768750200000-straubing-tigers-augsburger-panther/1
streamed.pk,"Sunday, January 18, 2026",Hockey,1768750200000,2026-01-18 10:30:00-05:00,,,Dresdner Eislowen vs Adler Mannheim,https://embedsports.top/embed/bravo/1768750200000-dresdner-eislowen-adler-mannheim/1,False,[],https://embedsports.top/embed/bravo/1768750200000-dresdner-eislowen-adler-mannheim/1
streamed.pk,"Sunday, January 18, 2026",Football,1768749300000,2026-01-18 10:15:00-05:00,,,Atletico Madrid vs CD Alaves,https://embedsports.top/embed/bravo/1768749300000-atletico-madrid-cd-alaves/1,False,[],https://embedsports.top/embed/bravo/1768749300000-atletico-madrid-cd-alaves/1
streamed.pk,"Sunday, January 18, 2026",Billiards,1768741200000,2026-01-18 08:00:00-05:00,,,The Masters,https://embedsports.top/embed/bravo/1768741200000-the-masters/1,False,[],https://embedsports.top/embed/bravo/1768741200000-the-masters/1
streamed.pk,"Sunday, January 18, 2026",Other,1768780800000,2026-01-18 19:00:00-05:00,,,Fight Life: Never Easy 2026,https://embedsports.top/embed/charlie/never-easy-2026-1629473691/1,False,[],https://embedsports.top/embed/charlie/never-easy-2026-1629473691/1
streamed.pk,"Sunday, January 18, 2026",Golf,1768780800000,2026-01-18 19:00:00-05:00,,,PGA Tour: Hawaiian Open | Day 4,https://embedsports.top/embed/charlie/hawaiian-open-or-day-4-1629473692/1,False,[],https://embedsports.top/embed/charlie/hawaiian-open-or-day-4-1629473692/1
streamed.pk,"Sunday, January 18, 2026",Tennis,1768780800000,2026-01-18 19:00:00-05:00,,,Australian Open: Court 5,https://embedsports.top/embed/charlie/court-5-1629473705/1,False,[],https://embedsports.top/embed/charlie/court-5-1629473705/1
streamed.pk,"Sunday, January 18, 2026",Tennis,1768780800000,2026-01-18 19:00:00-05:00,,,Australian Open: Court 7,https://embedsports.top/embed/charlie/court-7-1629473704/1,False,[],https://embedsports.top/embed/charlie/court-7-1629473704/1
streamed.pk,"Sunday, January 18, 2026",Tennis,1768780800000,2026-01-18 19:00:00-05:00,,,Australian Open: Court 13,https://embedsports.top/embed/charlie/court-13-1629473702/1,False,[],https://embedsports.top/embed/charlie/court-13-1629473702/1
streamed.pk,"Sunday, January 18, 2026",Tennis,1768780800000,2026-01-18 19:00:00-05:00,,,Australian Open: Court 6,https://embedsports.top/embed/charlie/court-6-1629473701/1,False,[],https://embedsports.top/embed/charlie/court-6-1629473701/1
streamed.pk,"Sunday, January 18, 2026",Tennis,1768780800000,2026-01-18 19:00:00-05:00,,,Australian Open: Court 15,https://embedsports.top/embed/charlie/court-15-1629473695/1,False,[],https://embedsports.top/embed/charlie/court-15-1629473695/1
streamed.pk,"Sunday, January 18, 2026",Tennis,1768780800000,2026-01-18 19:00:00-05:00,,,Australian Open: Court 14,https://embedsports.top/embed/charlie/court-14-1629473693/1,False,[],https://embedsports.top/embed/charlie/court-14-1629473693/1
streamed.pk,"Sunday, January 18, 2026",Tennis,1768780800000,2026-01-18 19:00:00-05:00,,,Australian Open: Court 8,https://embedsports.top/embed/charlie/court-8-1629473694/1,False,[],https://embedsports.top/embed/charlie/court-8-1629473694/1
streamed.pk,"Sunday, January 18, 2026",Tennis,1768780800000,2026-01-18 19:00:00-05:00,,,Australian Open: 1573 Arena,https://embedsports.top/embed/charlie/1573-arena-1629473696/1,False,[],https://embedsports.top/embed/charlie/1573-arena-1629473696/1
streamed.pk,"Sunday, January 18, 2026",Tennis,1768780800000,2026-01-18 19:00:00-05:00,,,Australian Open: Court 12,https://embedsports.top/embed/charlie/court-12-1629473700/1,False,[],https://embedsports.top/embed/charlie/court-12-1629473700/1
streamed.pk,"Sunday, January 18, 2026",Tennis,1768780800000,2026-01-18 19:00:00-05:00,,,Australian Open - Tennis: John Cain Arena,https://embedsports.top/embed/charlie/john-cain-arena-1629480164/1,False,[],https://embedsports.top/embed/charlie/john-cain-arena-1629480164/1
streamed.pk,"Sunday, January 18, 2026",Basketball,1768780800000,2026-01-18 19:00:00-05:00,,,Houston Rockets vs New Orleans Pelicans,https://embedsports.top/embed/admin/ppv-new-orleans-pelicans-vs-houston-rockets/1,False,[],https://embedsports.top/embed/admin/ppv-new-orleans-pelicans-vs-houston-rockets/1
streamed.pk,"Sunday, January 18, 2026",Basketball,1768780800000,2026-01-18 19:00:00-05:00,,,Chicago Bulls vs Brooklyn Nets,https://embedsports.top/embed/admin/ppv-brooklyn-nets-vs-chicago-bulls/1,False,[],https://embedsports.top/embed/admin/ppv-brooklyn-nets-vs-chicago-bulls/1
streamed.pk,"Sunday, January 18, 2026",Basketball,1768780800000,2026-01-18 19:00:00-05:00,,,San Francisco vs Washington State,https://embedsports.top/embed/delta/live_ncaa_san-francisco-washington-st-live-streaming-461818368/1,False,[],https://embedsports.top/embed/delta/live_ncaa_san-francisco-washington-st-live-streaming-461818368/1
streamed.pk,"Sunday, January 18, 2026",Football,1768781700000,2026-01-18 19:15:00-05:00,,,Lanús vs Sarmiento de La Banda,https://embedsports.top/embed/echo/lanus-vs-sarmiento-de-la-banda-football-1502447/1,False,[],https://embedsports.top/embed/echo/lanus-vs-sarmiento-de-la-banda-football-1502447/1
streamed.pk,"Sunday, January 18, 2026",Other,1768782600000,2026-01-18 19:30:00-05:00,,,Australian Open | Men's and Women's 1st Round - Melbourne Park,https://embedsports.top/embed/echo/australian-open-mens-and-womens-1st-round-melbourne-park-game-183262/1,False,[],https://embedsports.top/embed/echo/australian-open-mens-and-womens-1st-round-melbourne-park-game-183262/1
streamed.pk,"Sunday, January 18, 2026",Hockey,1768784400000,2026-01-18 20:00:00-05:00,,,Edmonton Oilers vs St. Louis Blues,https://embedsports.top/embed/admin/ppv-st-louis-blues-vs-edmonton-oilers/1,False,[],https://embedsports.top/embed/admin/ppv-st-louis-blues-vs-edmonton-oilers/1
streamed.pk,"Sunday, January 18, 2026",Basketball,1768784400000,2026-01-18 20:00:00-05:00,,,Denver Nuggets vs Charlotte Hornets,https://embedsports.top/embed/admin/ppv-charlotte-hornets-vs-denver-nuggets/1,False,[],https://embedsports.top/embed/admin/ppv-charlotte-hornets-vs-denver-nuggets/1
streamed.pk,"Sunday, January 18, 2026",Football,1768784760000,2026-01-18 20:06:00-05:00,,,Pachuca vs CF America,https://embedsports.top/embed/echo/pachuca-vs-club-america-football-1491817/1,False,[],https://embedsports.top/embed/echo/pachuca-vs-club-america-football-1491817/1
streamed.pk,"Sunday, January 18, 2026",Football,1768786200000,2026-01-18 20:30:00-05:00,,,Santa Fe vs Rionegro Aguilas,https://embedsports.top/embed/echo/santa-fe-vs-rionegro-aguilas-football-1498270/1,False,[],https://embedsports.top/embed/echo/santa-fe-vs-rionegro-aguilas-football-1498270/1
streamed.pk,"Sunday, January 18, 2026",Other,1768788000000,2026-01-18 21:00:00-05:00,,,Primos Pro Wrestling: New Reign Risin 2026,https://embedsports.top/embed/charlie/new-reign-risin-2026-1629473709/1,False,[],https://embedsports.top/embed/charlie/new-reign-risin-2026-1629473709/1
streamed.pk,"Sunday, January 18, 2026",Basketball,1768788000000,2026-01-18 21:00:00-05:00,,,Sacramento Kings vs Portland Trail Blazers,https://embedsports.top/embed/admin/ppv-portland-trail-blazers-vs-sacramento-kings/1,False,[],https://embedsports.top/embed/admin/ppv-portland-trail-blazers-vs-sacramento-kings/1
streamed.pk,"Sunday, January 18, 2026",Basketball,1768789800000,2026-01-18 21:30:00-05:00,,,Los Angeles Lakers vs Toronto Raptors,https://embedsports.top/embed/admin/ppv-toronto-raptors-vs-los-angeles-lakers/1,False,[],https://embedsports.top/embed/admin/ppv-toronto-raptors-vs-los-angeles-lakers/1
streamed.pk,"Sunday, January 18, 2026",Cricket,1768793100000,2026-01-18 22:25:00-05:00,,,Wellington Firebirds vs Canterbury Kings,https://embedsports.top/embed/charlie/wellington-firebirds-vs-canterbury-kings-1629473711/1,False,[],https://embedsports.top/embed/charlie/wellington-firebirds-vs-canterbury-kings-1629473711/1
streamed.pk,"Monday, January 19, 2026",Hockey,1768802400000,2026-01-19 01:00:00-05:00,,,Mexico U20 vs Luxembourg U20 U20,,False,[],
streamed.pk,"Monday, January 19, 2026",Cricket,1768806000000,2026-01-19 02:00:00-05:00,,,Bangladesh Premier League: TBA vs TBA,https://embedsports.top/embed/charlie/tba-vs-tba-1629473712/1,False,[],https://embedsports.top/embed/charlie/tba-vs-tba-1629473712/1
streamed.pk,"Monday, January 19, 2026",Cricket,1768807800000,2026-01-19 02:30:00-05:00,,,ICC Under-19 Cricket World Cup: South Africa vs Tanzania,https://embedsports.top/embed/charlie/south-africa-vs-tanzania-1629473715/1,False,[],https://embedsports.top/embed/charlie/south-africa-vs-tanzania-1629473715/1
streamed.pk,"Monday, January 19, 2026",Cricket,1768807800000,2026-01-19 02:30:00-05:00,,,ICC Under-19 Cricket World Cup: Sri Lanka vs Ireland,https://embedsports.top/embed/charlie/sri-lanka-vs-ireland-1629473714/1,False,[],https://embedsports.top/embed/charlie/sri-lanka-vs-ireland-1629473714/1
streamed.pk,"Monday, January 19, 2026",Football,1768831200000,2026-01-19 09:00:00-05:00,,,Konyaspor vs Eyüpspor,,False,[],
streamed.pk,"Monday, January 19, 2026",Cricket,1768833000000,2026-01-19 09:30:00-05:00,,,Afghanistan and West Indies tour of UAE: Afghanistan vs West Indies,https://embedsports.top/embed/charlie/afghanistan-vs-west-indies-1629473717/1,False,[],https://embedsports.top/embed/charlie/afghanistan-vs-west-indies-1629473717/1
streamed.pk,"Monday, January 19, 2026",Cricket,1768836600000,2026-01-19 10:30:00-05:00,,,Paarl Royals vs Joburg Super Kings,https://embedsports.top/embed/charlie/paarl-royals-vs-joburg-super-kings-1629473718/1,False,[],https://embedsports.top/embed/charlie/paarl-royals-vs-joburg-super-kings-1629473718/1
streamed.pk,"Monday, January 19, 2026",Darts,1768838400000,2026-01-19 11:00:00-05:00,,,Saudi Arabia Darts Masters: Day 1,https://embedsports.top/embed/charlie/day-1-1629474375/1,False,[],https://embedsports.top/embed/charlie/day-1-1629474375/1
streamed.pk,"Monday, January 19, 2026",Football,1768838400000,2026-01-19 11:00:00-05:00,,,Panetolikos vs Levadiakos,,False,[],
streamed.pk,"Monday, January 19, 2026",Football,1768842000000,2026-01-19 12:00:00-05:00,,,Besiktas vs Kayserispor,https://embedsports.top/embed/charlie/besiktas-vs-kayserispor-1394588/1,False,[],https://embedsports.top/embed/charlie/besiktas-vs-kayserispor-1394588/1
streamed.pk,"Monday, January 19, 2026",Football,1768842000000,2026-01-19 12:00:00-05:00,,,Göztepe vs Rizespor,,False,[],
streamed.pk,"Monday, January 19, 2026",Football,1768842000000,2026-01-19 12:00:00-05:00,,,Beşiktaş vs Kayserispor,,False,[],
streamed.pk,"Monday, January 19, 2026",Football,1768843800000,2026-01-19 12:30:00-05:00,,,Cremonese vs Hellas Verona,https://embedsports.top/embed/admin/ppv-cremonese-vs-hellas-verona/1,False,[],https://embedsports.top/embed/admin/ppv-cremonese-vs-hellas-verona/1
streamed.pk,"Monday, January 19, 2026",Football,1768845600000,2026-01-19 13:00:00-05:00,,,Volos vs Atromitos,,False,[],
streamed.pk,"Monday, January 19, 2026",Football,1768845600000,2026-01-19 13:00:00-05:00,,,Sporting B vs Torreense,https://embedsports.top/embed/charlie/sporting-cp-b-vs-torreense-1398129/1,False,[],https://embedsports.top/embed/charlie/sporting-cp-b-vs-torreense-1398129/1
streamed.pk,"Monday, January 19, 2026",Football,1768845600000,2026-01-19 13:00:00-05:00,,,Feirense vs FC Porto B,https://embedsports.top/embed/charlie/feirense-vs-fc-porto-b-1398124/1,False,[],https://embedsports.top/embed/charlie/feirense-vs-fc-porto-b-1398124/1
streamed.pk,"Monday, January 19, 2026",Basketball,1768845600000,2026-01-19 13:00:00-05:00,,,Atlanta Hawks vs Milwaukee Bucks,https://embedsports.top/embed/charlie/milwaukee-bucks-vs-atlanta-hawks-1629473719/1,False,[],https://embedsports.top/embed/charlie/milwaukee-bucks-vs-atlanta-hawks-1629473719/1
streamed.pk,"Monday, January 19, 2026",Hockey,1768847400000,2026-01-19 13:30:00-05:00,,,Carolina Hurricanes vs Buffalo Sabres,https://embedsports.top/embed/charlie/buffalo-sabres-vs-carolina-hurricanes-1629473720/1,False,[],https://embedsports.top/embed/charlie/buffalo-sabres-vs-carolina-hurricanes-1629473720/1
streamed.pk,"Monday, January 19, 2026",Football,1768851000000,2026-01-19 14:30:00-05:00,,,Granada vs Eibar,https://embedsports.top/embed/charlie/granada-cf-vs-eibar-1392003/1,False,[],https://embedsports.top/embed/charlie/granada-cf-vs-eibar-1392003/1
streamed.pk,"Monday, January 19, 2026",Basketball,1768851000000,2026-01-19 14:30:00-05:00,,,Cleveland Cavaliers vs Oklahoma City Thunder,https://embedsports.top/embed/charlie/oklahoma-city-thunder-vs-cleveland-cavaliers-1629473721/1,False,[],https://embedsports.top/embed/charlie/oklahoma-city-thunder-vs-cleveland-cavaliers-1629473721/1
streamed.pk,"Monday, January 19, 2026",Football,1768851900000,2026-01-19 14:45:00-05:00,,,Nancy Lorraine vs Guingamp,,False,[],
streamed.pk,"Monday, January 19, 2026",Football,1768851900000,2026-01-19 14:45:00-05:00,,,Lazio vs Como,https://embedsports.top/embed/admin/ppv-lazio-vs-como/1,False,[],https://embedsports.top/embed/admin/ppv-lazio-vs-como/1
streamed.pk,"Monday, January 19, 2026",Football,1768852800000,2026-01-19 15:00:00-05:00,,,Brighton and Hove Albion vs Bournemouth,https://embedsports.top/embed/admin/ppv-brighton-hove-albion-vs-afc-bournemouth/1,False,[],https://embedsports.top/embed/admin/ppv-brighton-hove-albion-vs-afc-bournemouth/1
streamed.pk,"Monday, January 19, 2026",Football,1768852800000,2026-01-19 15:00:00-05:00,,,Elche vs Sevilla,https://embedsports.top/embed/admin/ppv-elche-vs-sevilla/1,False,[],https://embedsports.top/embed/admin/ppv-elche-vs-sevilla/1
streamed.pk,"Monday, January 19, 2026",Basketball,1768852800000,2026-01-19 15:00:00-05:00,,,Washington Wizards vs Los Angeles Clippers,https://embedsports.top/embed/charlie/los-angeles-clippers-vs-washington-wizards-1629473722/1,False,[],https://embedsports.top/embed/charlie/los-angeles-clippers-vs-washington-wizards-1629473722/1
streamed.pk,"Monday, January 19, 2026",Football,1768853700000,2026-01-19 15:15:00-05:00,,,Estrela Amadora vs Estoril Praia,https://embedsports.top/embed/charlie/estrela-vs-estoril-1396392/1,False,[],https://embedsports.top/embed/charlie/estrela-vs-estoril-1396392/1
streamed.pk,"Monday, January 19, 2026",Football,1768856400000,2026-01-19 16:00:00-05:00,,,Cucuta vs Once Caldas,,False,[],
streamed.pk,"Monday, January 19, 2026",Hockey,1768856400000,2026-01-19 16:00:00-05:00,,,Colorado Avalanche vs Washington Capitals,https://embedsports.top/embed/charlie/washington-capitals-vs-colorado-avalanche-1629473723/1,False,[],https://embedsports.top/embed/charlie/washington-capitals-vs-colorado-avalanche-1629473723/1
streamed.pk,"Monday, January 19, 2026",Hockey,1768860000000,2026-01-19 17:00:00-05:00,,,Seattle Kraken vs Pittsburgh Penguins,https://embedsports.top/embed/charlie/pittsburgh-penguins-vs-seattle-kraken-1629473726/1,False,[],https://embedsports.top/embed/charlie/pittsburgh-penguins-vs-seattle-kraken-1629473726/1
streamed.pk,"Monday, January 19, 2026",Basketball,1768860000000,2026-01-19 17:00:00-05:00,,,San Antonio Spurs vs Utah Jazz,https://embedsports.top/embed/charlie/utah-jazz-vs-san-antonio-spurs-1629473724/1,False,[],https://embedsports.top/embed/charlie/utah-jazz-vs-san-antonio-spurs-1629473724/1
streamed.pk,"Monday, January 19, 2026",Basketball,1768860000000,2026-01-19 17:00:00-05:00,,,New York Knicks vs Dallas Mavericks,https://embedsports.top/embed/charlie/dallas-mavericks-vs-new-york-knicks-1629473725/1,False,[],https://embedsports.top/embed/charlie/dallas-mavericks-vs-new-york-knicks-1629473725/1
streamed.pk,"Monday, January 19, 2026",Hockey,1768863600000,2026-01-19 18:00:00-05:00,,,Florida Panthers vs San Jose Sharks,https://embedsports.top/embed/charlie/san-jose-sharks-vs-florida-panthers-1629473727/1,False,[],https://embedsports.top/embed/charlie/san-jose-sharks-vs-florida-panthers-1629473727/1
streamed.pk,"Monday, January 19, 2026",American Football,1768865400000,2026-01-19 18:30:00-05:00,,,Indiana vs Miami (FL),,False,[],
streamed.pk,"Monday, January 19, 2026",Tennis,1768867200000,2026-01-19 19:00:00-05:00,,,Australian Open: Court TBC,https://embedsports.top/embed/charlie/court-tbc-1629473738/1,False,[],https://embedsports.top/embed/charlie/court-tbc-1629473738/1
streamed.pk,"Monday, January 19, 2026",Tennis,1768867200000,2026-01-19 19:00:00-05:00,,,Australian Open: Court 7,https://embedsports.top/embed/charlie/court-7-1629473731/1,False,[],https://embedsports.top/embed/charlie/court-7-1629473731/1
streamed.pk,"Monday, January 19, 2026",Tennis,1768867200000,2026-01-19 19:00:00-05:00,,,Australian Open: Court 5,https://embedsports.top/embed/charlie/court-5-1629473735/1,False,[],https://embedsports.top/embed/charlie/court-5-1629473735/1
streamed.pk,"Monday, January 19, 2026",Tennis,1768867200000,2026-01-19 19:00:00-05:00,,,Australian Open: Court 13,https://embedsports.top/embed/charlie/court-13-1629473736/1,False,[],https://embedsports.top/embed/charlie/court-13-1629473736/1
streamed.pk,"Monday, January 19, 2026",Tennis,1768867200000,2026-01-19 19:00:00-05:00,,,Australian Open: Court 15,https://embedsports.top/embed/charlie/court-15-1629473741/1,False,[],https://embedsports.top/embed/charlie/court-15-1629473741/1
streamed.pk,"Monday, January 19, 2026",Tennis,1768867200000,2026-01-19 19:00:00-05:00,,,Australian Open: Court 8,https://embedsports.top/embed/charlie/court-8-1629473733/1,False,[],https://embedsports.top/embed/charlie/court-8-1629473733/1
streamed.pk,"Monday, January 19, 2026",Tennis,1768867200000,2026-01-19 19:00:00-05:00,,,Australian Open: Court 10,https://embedsports.top/embed/charlie/court-10-1629473729/1,False,[],https://embedsports.top/embed/charlie/court-10-1629473729/1
streamed.pk,"Monday, January 19, 2026",Tennis,1768867200000,2026-01-19 19:00:00-05:00,,,Australian Open: 1573 Arena,https://embedsports.top/embed/charlie/1573-arena-1629473730/1,False,[],https://embedsports.top/embed/charlie/1573-arena-1629473730/1
streamed.pk,"Monday, January 19, 2026",Tennis,1768867200000,2026-01-19 19:00:00-05:00,,,Australian Open: Court 14,https://embedsports.top/embed/charlie/court-14-1629473734/1,False,[],https://embedsports.top/embed/charlie/court-14-1629473734/1
streamed.pk,"Monday, January 19, 2026",Tennis,1768867200000,2026-01-19 19:00:00-05:00,,,Australian Open: Court 12,https://embedsports.top/embed/charlie/court-12-1629473739/1,False,[],https://embedsports.top/embed/charlie/court-12-1629473739/1
streamed.pk,"Monday, January 19, 2026",Tennis,1768867200000,2026-01-19 19:00:00-05:00,,,Australian Open: Court 6,https://embedsports.top/embed/charlie/court-6-1629473732/1,False,[],https://embedsports.top/embed/charlie/court-6-1629473732/1
streamed.pk,"Monday, January 19, 2026",Basketball,1768867200000,2026-01-19 19:00:00-05:00,,,NBA: Indiana Pacers vs Philadelphia 76ers,https://embedsports.top/embed/charlie/indiana-pacers-vs-philadelphia-76ers-1629473728/1,False,[],https://embedsports.top/embed/charlie/indiana-pacers-vs-philadelphia-76ers-1629473728/1
streamed.pk,"Monday, January 19, 2026",Football,1768868100000,2026-01-19 19:15:00-05:00,,,Estudiantes L.P. vs Ituzaingó,,False,[],
streamed.pk,"Monday, January 19, 2026",American Football,1768869000000,2026-01-19 19:30:00-05:00,,,vs,,False,[],
streamed.pk,"Monday, January 19, 2026",Hockey,1768869000000,2026-01-19 19:30:00-05:00,,,NHL: Minnesota Wild vs Toronto Maple Leafs,https://embedsports.top/embed/charlie/minnesota-wild-vs-toronto-maple-leafs-1629473742/1,False,[],https://embedsports.top/embed/charlie/minnesota-wild-vs-toronto-maple-leafs-1629473742/1
streamed.pk,"Monday, January 19, 2026",Basketball,1768869000000,2026-01-19 19:30:00-05:00,,,NBA: Phoenix Suns vs Brooklyn Nets,https://embedsports.top/embed/charlie/phoenix-suns-vs-brooklyn-nets-1629473743/1,False,[],https://embedsports.top/embed/charlie/phoenix-suns-vs-brooklyn-nets-1629473743/1
streamed.pk,"Monday, January 19, 2026",Hockey,1768870800000,2026-01-19 20:00:00-05:00,,,NHL: Philadelphia Flyers vs Vegas Golden Knights,https://embedsports.top/embed/charlie/philadelphia-flyers-vs-vegas-golden-knights-1629473745/1,False,[],https://embedsports.top/embed/charlie/philadelphia-flyers-vs-vegas-golden-knights-1629473745/1
streamed.pk,"Monday, January 19, 2026",Basketball,1768870800000,2026-01-19 20:00:00-05:00,,,NBA: Boston Celtics vs Detroit Pistons,https://embedsports.top/embed/charlie/boston-celtics-vs-detroit-pistons-1629473744/1,False,[],https://embedsports.top/embed/charlie/boston-celtics-vs-detroit-pistons-1629473744/1
streamed.pk,"Monday, January 19, 2026",Cricket,1768871400000,2026-01-19 20:10:00-05:00,,,Women's Super Smash: Northern Brave vs Central Hinds,https://embedsports.top/embed/charlie/northern-brave-vs-central-hinds-1629473746/1,False,[],https://embedsports.top/embed/charlie/northern-brave-vs-central-hinds-1629473746/1
streamed.pk,"Monday, January 19, 2026",Hockey,1768872600000,2026-01-19 20:30:00-05:00,,,NHL: Winnipeg Jets vs Chicago Blackhawks,https://embedsports.top/embed/charlie/winnipeg-jets-vs-chicago-blackhawks-1629473747/1,False,[],https://embedsports.top/embed/charlie/winnipeg-jets-vs-chicago-blackhawks-1629473747/1
streamed.pk,"Monday, January 19, 2026",Hockey,1768874400000,2026-01-19 21:00:00-05:00,,,NHL: New Jersey Devils vs Calgary Flames,https://embedsports.top/embed/charlie/new-jersey-devils-vs-calgary-flames-1629473748/1,False,[],https://embedsports.top/embed/charlie/new-jersey-devils-vs-calgary-flames-1629473748/1
streamed.pk,"Monday, January 19, 2026",Hockey,1768878000000,2026-01-19 22:00:00-05:00,,,NHL: New York Rangers vs Anaheim Ducks,https://embedsports.top/embed/charlie/new-york-rangers-vs-anaheim-ducks-1629473751/1,False,[],https://embedsports.top/embed/charlie/new-york-rangers-vs-anaheim-ducks-1629473751/1
streamed.pk,"Monday, January 19, 2026",Hockey,1768878000000,2026-01-19 22:00:00-05:00,,,NHL: New York Islanders vs Vancouver Canucks,https://embedsports.top/embed/charlie/new-york-islanders-vs-vancouver-canucks-1629473750/1,False,[],https://embedsports.top/embed/charlie/new-york-islanders-vs-vancouver-canucks-1629473750/1
streamed.pk,"Monday, January 19, 2026",Basketball,1768878000000,2026-01-19 22:00:00-05:00,,,NBA: Miami Heat vs Golden State Warriors,https://embedsports.top/embed/charlie/miami-heat-vs-golden-state-warriors-1629473749/1,False,[],https://embedsports.top/embed/charlie/miami-heat-vs-golden-state-warriors-1629473749/1
streamed.pk,"Sunday, January 18, 2026",Football,1768778400000,2026-01-18 18:20:00-05:00,,,Atlético Junior vs Deportes Tolima,,False,[],
streamed.pk,"Sunday, January 18, 2026",Football,1768777200000,2026-01-18 18:00:00-05:00,,,Santos Laguna vs FC Juarez,,False,[],
streamed.pk,"Sunday, January 18, 2026","Fight (UFC, Boxing)",1768777200000,2026-01-18 18:00:00-05:00,,,Crime Wave,,False,[],
streamed.pk,"Sunday, January 18, 2026","Fight (UFC, Boxing)",1768775400000,2026-01-18 17:30:00-05:00,,,MMA: FURY FC 113,https://embedsports.top/embed/charlie/fury-fc-113-1629473686/1,False,[],https://embedsports.top/embed/charlie/fury-fc-113-1629473686/1
streamed.pk,"Sunday, January 18, 2026",Football,1768773600000,2026-01-18 17:00:00-05:00,,,Independ. Rivadavia vs CA Estudiantes,,True,[],
streamed.pk,"Sunday, January 18, 2026",Basketball,1768773600000,2026-01-18 17:00:00-05:00,,,Memphis Tigers vs Texas San Antonio Roadrunners,,True,[],
streamed.pk,"Sunday, January 18, 2026",Hockey,1768773600000,2026-01-18 17:00:00-05:00,,,Detroit Red Wings vs Ottawa Senators,https://embedsports.top/embed/golf/19222/1,True,[],https://embedsports.top/embed/golf/19222/1
streamed.pk,"Sunday, January 18, 2026",Basketball,1768773600000,2026-01-18 17:00:00-05:00,,,Tulane vs North Texas,https://embedsports.top/embed/delta/live_ncaa_tulane-north-texas-live-streaming-461817072/1,True,[],https://embedsports.top/embed/delta/live_ncaa_tulane-north-texas-live-streaming-461817072/1
streamed.pk,"Sunday, January 18, 2026",Football,1768768200000,2026-01-18 15:30:00-05:00,,,Vitoria Guimaraes vs FC Porto,https://embedsports.top/embed/charlie/guimaraes-vs-fc-porto-1396398/1,True,[],https://embedsports.top/embed/charlie/guimaraes-vs-fc-porto-1396398/1
streamed.pk,"Sunday, January 18, 2026",Hockey,1768767000000,2026-01-18 15:10:00-05:00,,,Atlanta Gladiators vs Greenville Swamp Rabbits,https://embedsports.top/embed/bravo/1768767000000-atlanta-gladiators-greenville-swamp-rabbits/1,True,[],https://embedsports.top/embed/bravo/1768767000000-atlanta-gladiators-greenville-swamp-rabbits/1
streamed.pk,"Sunday, January 18, 2026",Hockey,1768766700000,2026-01-18 15:05:00-05:00,,,Worcester Railers vs Maine Mariners,https://embedsports.top/embed/bravo/1768766700000-worcester-railers-maine-mariners/1,True,[],https://embedsports.top/embed/bravo/1768766700000-worcester-railers-maine-mariners/1
streamed.pk,"Sunday, January 18, 2026",Hockey,1768766700000,2026-01-18 15:05:00-05:00,,,Providence Bruins vs Cleveland Monsters,https://embedsports.top/embed/bravo/1768766700000-providence-bruins-cleveland-monsters/1,True,[],https://embedsports.top/embed/bravo/1768766700000-providence-bruins-cleveland-monsters/1
streamed.pk,"Sunday, January 18, 2026",Hockey,1768766400000,2026-01-18 15:00:00-05:00,,,Trois-Rivieres Lions vs Adirondack Thunder,https://embedsports.top/embed/bravo/1768766400000-trois-rivieres-lions-adirondack-thunder/1,True,[],https://embedsports.top/embed/bravo/1768766400000-trois-rivieres-lions-adirondack-thunder/1
streamed.pk,"Sunday, January 18, 2026",Football,1768766400000,2026-01-18 15:00:00-05:00,,,Cordoba vs Malaga,https://embedsports.top/embed/bravo/1768766400000-cordoba-malaga/1,True,[],https://embedsports.top/embed/bravo/1768766400000-cordoba-malaga/1
streamed.pk,"Sunday, January 18, 2026",Basketball,1768766400000,2026-01-18 15:00:00-05:00,,,Mississippi State (W) vs #7 Kentucky (W),https://embedsports.top/embed/bravo/1768766400000-mississippi-state-w-7-kentucky-w-/1,True,[],https://embedsports.top/embed/bravo/1768766400000-mississippi-state-w-7-kentucky-w-/1
streamed.pk,"Sunday, January 18, 2026",Basketball,1768766400000,2026-01-18 15:00:00-05:00,,,#25 Illinois (W) vs Northwestern (W),https://embedsports.top/embed/bravo/1768766400000-25-illinois-w-northwestern-w-/1,True,[],https://embedsports.top/embed/bravo/1768766400000-25-illinois-w-northwestern-w-/1
streamed.pk,"Sunday, January 18, 2026",Basketball,1768766400000,2026-01-18 15:00:00-05:00,,,#13 Oklahoma (W) vs #6 LSU (W),https://embedsports.top/embed/bravo/1768766400000-13-oklahoma-w-6-lsu-w-/1,True,[],https://embedsports.top/embed/bravo/1768766400000-13-oklahoma-w-6-lsu-w-/1
streamed.pk,"Sunday, January 18, 2026",Basketball,1768766400000,2026-01-18 15:00:00-05:00,,,Blackburn vs Eastern Illinois,https://embedsports.top/embed/bravo/1768766400000-blackburn-vs-eastern-illinois/1,True,[],https://embedsports.top/embed/bravo/1768766400000-blackburn-vs-eastern-illinois/1
streamed.pk,"Sunday, January 18, 2026",Football,1768766400000,2026-01-18 15:00:00-05:00,,,Real Sociedad vs Barcelona,https://embedsports.top/embed/admin/ppv-real-sociedad-vs-barcelona/1,True,[],https://embedsports.top/embed/admin/ppv-real-sociedad-vs-barcelona/1
streamed.pk,"Sunday, January 18, 2026",Hockey,1768766400000,2026-01-18 15:00:00-05:00,,,Calgary Wranglers vs Bakersfield Condors,https://embedsports.top/embed/bravo/1768766400000-calgary-wranglers-bakersfield-condors/1,True,[],https://embedsports.top/embed/bravo/1768766400000-calgary-wranglers-bakersfield-condors/1
streamed.pk,"Sunday, January 18, 2026",Hockey,1768766400000,2026-01-18 15:00:00-05:00,,,Savannah vs South Carolina Stingrays,https://embedsports.top/embed/bravo/1768766400000-savannah-ghost-pirates-south-carolina-stingrays/1,True,[],https://embedsports.top/embed/bravo/1768766400000-savannah-ghost-pirates-south-carolina-stingrays/1
streamed.pk,"Sunday, January 18, 2026",Basketball,1768766400000,2026-01-18 15:00:00-05:00,,,UAB vs Tulsa,https://embedsports.top/embed/bravo/1768766400000-tulsa-vs-uab/1,True,[],https://embedsports.top/embed/bravo/1768766400000-tulsa-vs-uab/1
streamed.pk,"Sunday, January 18, 2026",American Football,1768766400000,2026-01-18 15:00:00-05:00,,,New England Patriots vs Houston Texans,https://embedsports.top/embed/admin/ppv-houston-texans-vs-new-england-patriots/1,True,[],https://embedsports.top/embed/admin/ppv-houston-texans-vs-new-england-patriots/1
streamed.pk,"Sunday, January 18, 2026",Football,1768762800000,2026-01-18 14:00:00-05:00,,,Senegal vs Morocco,https://embedsports.top/embed/admin/ppv-senegal-vs-morocco/1,True,[],https://embedsports.top/embed/admin/ppv-senegal-vs-morocco/1
streamed.pk,"Sunday, January 18, 2026",Other,1768759200000,2026-01-18 13:00:00-05:00,,,Sony Open in Hawaii | PGA Tour,,True,[],
streamed.pk,"Sunday, January 18, 2026",Football,1768757400000,2026-01-18 12:30:00-05:00,,,Albacete vs Cadiz CF,https://embedsports.top/embed/bravo/1768757400000-albacete-cadiz-cf/1,True,[],https://embedsports.top/embed/bravo/1768757400000-albacete-cadiz-cf/1
streamed.pk,"Sunday, January 18, 2026",Football,1768757400000,2026-01-18 12:30:00-05:00,,,Neom vs Al-Hilal,https://embedsports.top/embed/bravo/1768757400000-neom-sc-al-hilal/1,True,[],https://embedsports.top/embed/bravo/1768757400000-neom-sc-al-hilal/1
streamed.pk,"Sunday, January 18, 2026",Football,1768757400000,2026-01-18 12:30:00-05:00,,,Auchinleck Talbot vs Celtic,https://embedsports.top/embed/bravo/1768757400000-auchinleck-talbot-celtic/1,True,[],https://embedsports.top/embed/bravo/1768757400000-auchinleck-talbot-celtic/1
streamed.pk,"Sunday, January 18, 2026",Football,1768757400000,2026-01-18 12:30:00-05:00,,,Celta Vigo vs Rayo Vallecano,https://embedsports.top/embed/bravo/1768757400000-celta-vigo-rayo-vallecano/1,True,[],https://embedsports.top/embed/bravo/1768757400000-celta-vigo-rayo-vallecano/1
streamed.pk,"Sunday, January 18, 2026",Football,1768757400000,2026-01-18 12:30:00-05:00,,,Charleroi vs Standard Liège,https://embedsports.top/embed/bravo/1768757400000-charleroi-standard-liege/1,True,[],https://embedsports.top/embed/bravo/1768757400000-charleroi-standard-liege/1
streamed.pk,"Sunday, January 18, 2026",Football,1768757400000,2026-01-18 12:30:00-05:00,,,Burgos vs Huesca,https://embedsports.top/embed/bravo/1768757400000-burgos-cf-huesca/1,True,[],https://embedsports.top/embed/bravo/1768757400000-burgos-cf-huesca/1
streamed.pk,"Sunday, January 18, 2026",Rugby,1768757400000,2026-01-18 12:30:00-05:00,,,Racing Métro 92 vs Cheetahs,https://embedsports.top/embed/bravo/1768757400000-racing-92-cheetahs/1,True,[],https://embedsports.top/embed/bravo/1768757400000-racing-92-cheetahs/1
streamed.pk,"Sunday, January 18, 2026",Rugby,1768757400000,2026-01-18 12:30:00-05:00,,,Glasgow vs Saracens,https://embedsports.top/embed/bravo/1768757400000-glasgow-warriors-saracens/1,True,[],https://embedsports.top/embed/bravo/1768757400000-glasgow-warriors-saracens/1
streamed.pk,"Sunday, January 18, 2026",Hockey,1768757400000,2026-01-18 12:30:00-05:00,,,Coventry Blaze vs Glasgow Clan,https://embedsports.top/embed/bravo/1768757400000-coventry-glasgow/1,True,[],https://embedsports.top/embed/bravo/1768757400000-coventry-glasgow/1
streamed.pk,"Sunday, January 18, 2026",Basketball,1768757400000,2026-01-18 12:30:00-05:00,,,Maccabi Rishon LeZion vs Maccabi Ironi Ramat Gan,https://embedsports.top/embed/bravo/1768757400000-maccabi-rishon-lezion-maccabi-ironi-ramat-gan/1,True,[],https://embedsports.top/embed/bravo/1768757400000-maccabi-rishon-lezion-maccabi-ironi-ramat-gan/1
streamed.pk,"Sunday, January 18, 2026",Football,1768755600000,2026-01-18 12:00:00-05:00,,,Alanyaspor vs Fenerbahce,https://embedsports.top/embed/bravo/1768755600000-alanyaspor-fenerbahce/1,True,[],https://embedsports.top/embed/bravo/1768755600000-alanyaspor-fenerbahce/1
streamed.pk,"Sunday, January 18, 2026",Football,1768755600000,2026-01-18 12:00:00-05:00,,,Guadalajara Chivas W vs Santos Laguna W,https://embedsports.top/embed/bravo/1768755600000-guadalajara-chivas-w-santos-laguna-w/1,True,[],https://embedsports.top/embed/bravo/1768755600000-guadalajara-chivas-w-santos-laguna-w/1
streamed.pk,"Sunday, January 18, 2026",Basketball,1768755600000,2026-01-18 12:00:00-05:00,,,Sleza Wroclaw W vs Lublin W,https://embedsports.top/embed/bravo/1768755600000-sleza-wroclaw-w-lublin-w/1,True,[],https://embedsports.top/embed/bravo/1768755600000-sleza-wroclaw-w-lublin-w/1
streamed.pk,"Sunday, January 18, 2026",Basketball,1768755600000,2026-01-18 12:00:00-05:00,,,Lancut vs Poznan,https://embedsports.top/embed/bravo/1768755600000-lancut-poznan/1,True,[],https://embedsports.top/embed/bravo/1768755600000-lancut-poznan/1
streamed.pk,"Sunday, January 18, 2026",Basketball,1768755600000,2026-01-18 12:00:00-05:00,,,Rostock vs Syntainics MBC,https://embedsports.top/embed/bravo/1768755600000-rostock-syntainics-mbc/1,True,[],https://embedsports.top/embed/bravo/1768755600000-rostock-syntainics-mbc/1
streamed.pk,"Sunday, January 18, 2026",Basketball,1768755600000,2026-01-18 12:00:00-05:00,,,Stony Brook (W) vs Towson (W),https://embedsports.top/embed/bravo/1768755600000-stony-brook-w-towson-w-/1,True,[],https://embedsports.top/embed/bravo/1768755600000-stony-brook-w-towson-w-/1
streamed.pk,"Sunday, January 18, 2026",Basketball,1768755600000,2026-01-18 12:00:00-05:00,,,Coppin State (W) vs #2 South Carolina (W),https://embedsports.top/embed/bravo/1768755600000-coppin-state-w-2-south-carolina-w-/1,True,[],https://embedsports.top/embed/bravo/1768755600000-coppin-state-w-2-south-carolina-w-/1
streamed.pk,"Sunday, January 18, 2026",Basketball,1768755600000,2026-01-18 12:00:00-05:00,,,Richmond (W) vs VCU (W),https://embedsports.top/embed/bravo/1768755600000-richmond-w-vcu-w-/1,True,[],https://embedsports.top/embed/bravo/1768755600000-richmond-w-vcu-w-/1
streamed.pk,"Sunday, January 18, 2026",Basketball,1768755600000,2026-01-18 12:00:00-05:00,,,Boston College (W) vs California (W),https://embedsports.top/embed/bravo/1768755600000-boston-college-w-california-w-/1,True,[],https://embedsports.top/embed/bravo/1768755600000-boston-college-w-california-w-/1
streamed.pk,"Sunday, January 18, 2026",Basketball,1768755600000,2026-01-18 12:00:00-05:00,,,Georgia (W) vs #16 Ole Miss (W),https://embedsports.top/embed/bravo/1768755600000-georgia-w-16-ole-miss-w-/1,True,[],https://embedsports.top/embed/bravo/1768755600000-georgia-w-16-ole-miss-w-/1
streamed.pk,"Sunday, January 18, 2026",Basketball,1768755600000,2026-01-18 12:00:00-05:00,,,Clemson (W) vs Wake Forest (W),https://embedsports.top/embed/bravo/1768755600000-clemson-w-wake-forest-w-/1,True,[],https://embedsports.top/embed/bravo/1768755600000-clemson-w-wake-forest-w-/1
streamed.pk,"Sunday, January 18, 2026",Football,1768755600000,2026-01-18 12:00:00-05:00,,,PAOK vs OFI,https://embedsports.top/embed/bravo/1768755600000-paok-ofi-crete/1,True,[],https://embedsports.top/embed/bravo/1768755600000-paok-ofi-crete/1
streamed.pk,"Sunday, January 18, 2026",Football,1768755600000,2026-01-18 12:00:00-05:00,,,Torino vs Roma,https://embedsports.top/embed/bravo/1768755600000-torino-as-roma/1,True,[],https://embedsports.top/embed/bravo/1768755600000-torino-as-roma/1
streamed.pk,"Sunday, January 18, 2026",Hockey,1768755600000,2026-01-18 12:00:00-05:00,,,Fife Flyers vs Dundee Stars,https://embedsports.top/embed/bravo/1768755600000-fife-dundee/1,True,[],https://embedsports.top/embed/bravo/1768755600000-fife-dundee/1
streamed.pk,"Sunday, January 18, 2026",Basketball,1768755600000,2026-01-18 12:00:00-05:00,,,Udine vs Pallacanestro Reggiana,https://embedsports.top/embed/bravo/1768755600000-udine-reggiana/1,True,[],https://embedsports.top/embed/bravo/1768755600000-udine-reggiana/1
streamed.pk,"Sunday, January 18, 2026",Basketball,1768755600000,2026-01-18 12:00:00-05:00,,,Temple vs Florida Atlantic,https://embedsports.top/embed/bravo/1768755600000-florida-atlantic-vs-temple/1,True,[],https://embedsports.top/embed/bravo/1768755600000-florida-atlantic-vs-temple/1
streamed.pk,"Sunday, January 18, 2026",Basketball,1768755600000,2026-01-18 12:00:00-05:00,,,CB Murcia vs Basket Zaragoza,https://embedsports.top/embed/bravo/1768755600000-murcia-basket-zaragoza/1,True,[],https://embedsports.top/embed/bravo/1768755600000-murcia-basket-zaragoza/1
streamed.pk,"Sunday, January 18, 2026",Basketball,1768755600000,2026-01-18 12:00:00-05:00,,,KK Bosna Royal vs KK Mega Basket,https://embedsports.top/embed/bravo/1768755600000-kk-bosna-mega-basket/1,True,[],https://embedsports.top/embed/bravo/1768755600000-kk-bosna-mega-basket/1
streamed.pk,"Sunday, January 18, 2026",Basketball,1768755600000,2026-01-18 12:00:00-05:00,,,Memphis Grizzlies vs Orlando Magic,https://embedsports.top/embed/bravo/1768755600000-orlando-magic-vs-memphis-grizzlies/1,True,[],https://embedsports.top/embed/bravo/1768755600000-orlando-magic-vs-memphis-grizzlies/1
streamed.pk,"Sunday, January 18, 2026",Basketball,1768755600000,2026-01-18 12:00:00-05:00,,,Maryland vs Penn State,https://embedsports.top/embed/bravo/1768755600000-penn-state-vs-maryland/1,True,[],https://embedsports.top/embed/bravo/1768755600000-penn-state-vs-maryland/1
streamed.pk,"Sunday, January 18, 2026",Hockey,1768753800000,2026-01-18 11:30:00-05:00,,,Black Wings Linz vs KAC Klagenfurt,https://embedsports.top/embed/bravo/1768753800000-black-wings-linz-kac-klagenfurt/1,False,[],https://embedsports.top/embed/bravo/1768753800000-black-wings-linz-kac-klagenfurt/1
streamed.pk,"Sunday, January 18, 2026",Football,1768753800000,2026-01-18 11:30:00-05:00,,,Inter Milan U23 vs Virtus Verona,https://embedsports.top/embed/bravo/1768753800000-inter-u23-virtus-verona/1,False,[],https://embedsports.top/embed/bravo/1768753800000-inter-u23-virtus-verona/1
streamed.pk,"Sunday, January 18, 2026",Football,1768753800000,2026-01-18 11:30:00-05:00,,,Picerno vs Latina,https://embedsports.top/embed/bravo/1768753800000-picerno-latina/1,False,[],https://embedsports.top/embed/bravo/1768753800000-picerno-latina/1
streamed.pk,"Sunday, January 18, 2026",Football,1768753800000,2026-01-18 11:30:00-05:00,,,Pontedera vs Pineto,https://embedsports.top/embed/bravo/1768753800000-pontedera-pineto/1,False,[],https://embedsports.top/embed/bravo/1768753800000-pontedera-pineto/1
streamed.pk,"Sunday, January 18, 2026",Football,1768753800000,2026-01-18 11:30:00-05:00,,,Renate vs AlbinoLeffe,https://embedsports.top/embed/bravo/1768753800000-renate-albinoleffe/1,False,[],https://embedsports.top/embed/bravo/1768753800000-renate-albinoleffe/1
streamed.pk,"Sunday, January 18, 2026",Football,1768753800000,2026-01-18 11:30:00-05:00,,,Bra vs Ravenna,https://embedsports.top/embed/bravo/1768753800000-bra-ravenna/1,False,[],https://embedsports.top/embed/bravo/1768753800000-bra-ravenna/1
streamed.pk,"Sunday, January 18, 2026",Football,1768753800000,2026-01-18 11:30:00-05:00,,,FC Augsburg vs Freiburg,https://embedsports.top/embed/bravo/1768753800000-augsburg-sc-freiburg/1,False,[],https://embedsports.top/embed/bravo/1768753800000-augsburg-sc-freiburg/1
streamed.pk,"Sunday, January 18, 2026",Football,1768753800000,2026-01-18 11:30:00-05:00,,,Aston Villa vs Everton,https://embedsports.top/embed/bravo/1768753800000-aston-villa-everton/1,False,[],https://embedsports.top/embed/bravo/1768753800000-aston-villa-everton/1
streamed.pk,"Sunday, January 18, 2026",Hockey,1768753800000,2026-01-18 11:30:00-05:00,,,Poprad vs Nitra,https://embedsports.top/embed/bravo/1768753800000-poprad-hk-nitra/1,False,[],https://embedsports.top/embed/bravo/1768753800000-poprad-hk-nitra/1
streamed.pk,"Sunday, January 18, 2026",Basketball,1768753800000,2026-01-18 11:30:00-05:00,,,GTK Gliwice vs Stal Ostrów Wielkopolski,https://embedsports.top/embed/bravo/1768753800000-gtk-gliwice-ostrow-wielkopolski/1,False,[],https://embedsports.top/embed/bravo/1768753800000-gtk-gliwice-ostrow-wielkopolski/1
streamed.pk,"Sunday, January 18, 2026",Football,1768752900000,2026-01-18 11:15:00-05:00,,,Nantes vs Paris FC,https://embedsports.top/embed/bravo/1768752900000-nantes-paris-fc/1,False,[],https://embedsports.top/embed/bravo/1768752900000-nantes-paris-fc/1
streamed.pk,"Sunday, January 18, 2026",Football,1768752900000,2026-01-18 11:15:00-05:00,,,Rennes vs Le Havre,https://embedsports.top/embed/bravo/1768752900000-rennes-le-havre/1,False,[],https://embedsports.top/embed/bravo/1768752900000-rennes-le-havre/1
streamed.pk,"Sunday, January 18, 2026",Football,1768752900000,2026-01-18 11:15:00-05:00,,,Palermo vs Spezia,https://embedsports.top/embed/bravo/1768752900000-palermo-spezia/1,False,[],https://embedsports.top/embed/bravo/1768752900000-palermo-spezia/1
streamed.pk,"Sunday, January 18, 2026",Hockey,1768752000000,2026-01-18 11:00:00-05:00,,,Zvolen vs Spisska Nova Ves,https://embedsports.top/embed/bravo/1768752000000-zvolen-spisska-nova-ves/1,False,[],https://embedsports.top/embed/bravo/1768752000000-zvolen-spisska-nova-ves/1
streamed.pk,"Sunday, January 18, 2026",Hockey,1768752000000,2026-01-18 11:00:00-05:00,,,Zilina vs Liptovsky Mikulas,https://embedsports.top/embed/bravo/1768752000000-zilina-liptovsky-mikulas/1,False,[],https://embedsports.top/embed/bravo/1768752000000-zilina-liptovsky-mikulas/1
streamed.pk,"Sunday, January 18, 2026",Hockey,1768752000000,2026-01-18 11:00:00-05:00,,,Zaglebie Sosnowiec vs Jastrzebie,https://embedsports.top/embed/bravo/1768752000000-zaglebie-sosnowiec-jastrzebie/1,False,[],https://embedsports.top/embed/bravo/1768752000000-zaglebie-sosnowiec-jastrzebie/1
streamed.pk,"Sunday, January 18, 2026",Hockey,1768752000000,2026-01-18 11:00:00-05:00,,,Unia Oswiecim vs Krakow,https://embedsports.top/embed/bravo/1768752000000-unia-oswiecim-krakow/1,False,[],https://embedsports.top/embed/bravo/1768752000000-unia-oswiecim-krakow/1
streamed.pk,"Sunday, January 18, 2026",Hockey,1768752000000,2026-01-18 11:00:00-05:00,,,Dynamo Pardubice vs Ceske Budejovice,https://embedsports.top/embed/bravo/1768752000000-dynamo-pardubice-ceske-budejovice/1,False,[],https://embedsports.top/embed/bravo/1768752000000-dynamo-pardubice-ceske-budejovice/1
streamed.pk,"Sunday, January 18, 2026",Hockey,1768752000000,2026-01-18 11:00:00-05:00,,,Polonia Bytom vs GKS Tychy,https://embedsports.top/embed/bravo/1768752000000-bytom-tychy/1,False,[],https://embedsports.top/embed/bravo/1768752000000-bytom-tychy/1
streamed.pk,"Sunday, January 18, 2026",Football,1768751100000,2026-01-18 10:45:00-05:00,,,CFR Cluj vs Otelul,https://embedsports.top/embed/bravo/1768751100000-cfr-cluj-otelul/1,False,[],https://embedsports.top/embed/bravo/1768751100000-cfr-cluj-otelul/1
streamed.pk,"Sunday, January 18, 2026",Football,1768751100000,2026-01-18 10:45:00-05:00,,,Feyenoord vs Sparta Rotterdam,https://embedsports.top/embed/bravo/1768751100000-feyenoord-sparta-rotterdam/1,False,[],https://embedsports.top/embed/bravo/1768751100000-feyenoord-sparta-rotterdam/1
streamed.pk,"Sunday, January 18, 2026",Hockey,1768750200000,2026-01-18 10:30:00-05:00,,,Ban. Bystrica vs Michalovce,https://embedsports.top/embed/bravo/1768750200000-ban-bystrica-michalovce/1,False,[],https://embedsports.top/embed/bravo/1768750200000-ban-bystrica-michalovce/1
streamed.pk,"Sunday, January 18, 2026",Hockey,1768750200000,2026-01-18 10:30:00-05:00,,,Sodertalje vs Oskarshamn,https://embedsports.top/embed/bravo/1768750200000-sodertalje-oskarshamn/1,False,[],https://embedsports.top/embed/bravo/1768750200000-sodertalje-oskarshamn/1
streamed.pk,"Sunday, January 18, 2026",Hockey,1768750200000,2026-01-18 10:30:00-05:00,,,Mlada Boleslav vs HC Ocelari Trinec,https://embedsports.top/embed/bravo/1768750200000-mlada-boleslav-hc-ocelari-trinec/1,False,[],https://embedsports.top/embed/bravo/1768750200000-mlada-boleslav-hc-ocelari-trinec/1
streamed.pk,"Sunday, January 18, 2026",Hockey,1768750200000,2026-01-18 10:30:00-05:00,,,EC Red Bull Salzburg vs Bolzano,https://embedsports.top/embed/bravo/1768750200000-fc-salzburg-bolzano/1,False,[],https://embedsports.top/embed/bravo/1768750200000-fc-salzburg-bolzano/1
streamed.pk,"Sunday, January 18, 2026",Hockey,1768750200000,2026-01-18 10:30:00-05:00,,,Kölner Haie vs Iserlohn Roosters,https://embedsports.top/embed/bravo/1768750200000-kolner-haie-iserlohn-roosters/1,False,[],https://embedsports.top/embed/bravo/1768750200000-kolner-haie-iserlohn-roosters/1
streamed.pk,"Sunday, January 18, 2026",Hockey,1768750200000,2026-01-18 10:30:00-05:00,,,Plzen vs Mountfield HK,https://embedsports.top/embed/bravo/1768750200000-viktoria-plzen-mountfield-hk/1,False,[],https://embedsports.top/embed/bravo/1768750200000-viktoria-plzen-mountfield-hk/1
streamed.pk,"Sunday, January 18, 2026",Hockey,1768750200000,2026-01-18 10:30:00-05:00,,,Straubing Tigers vs Augsburger Panther,https://embedsports.top/embed/bravo/1768750200000-straubing-tigers-augsburger-panther/1,False,[],https://embedsports.top/embed/bravo/1768750200000-straubing-tigers-augsburger-panther/1
streamed.pk,"Sunday, January 18, 2026",Hockey,1768750200000,2026-01-18 10:30:00-05:00,,,Dresdner Eislowen vs Adler Mannheim,https://embedsports.top/embed/bravo/1768750200000-dresdner-eislowen-adler-mannheim/1,False,[],https://embedsports.top/embed/bravo/1768750200000-dresdner-eislowen-adler-mannheim/1
streamed.pk,"Sunday, January 18, 2026",Football,1768749300000,2026-01-18 10:15:00-05:00,,,Atletico Madrid vs CD Alaves,https://embedsports.top/embed/bravo/1768749300000-atletico-madrid-cd-alaves/1,False,[],https://embedsports.top/embed/bravo/1768749300000-atletico-madrid-cd-alaves/1
streamed.pk,"Sunday, January 18, 2026",Billiards,1768741200000,2026-01-18 08:00:00-05:00,,,The Masters,https://embedsports.top/embed/bravo/1768741200000-the-masters/1,False,[],https://embedsports.top/embed/bravo/1768741200000-the-masters/1
streamed.pk,"Sunday, January 18, 2026",Football,1768779000000,2026-01-18 18:30:00-05:00,,,Guarani vs Santos,,False,[],
streamed.pk,"Sunday, January 18, 2026",Basketball,1768779000000,2026-01-18 18:30:00-05:00,,,Houston vs Arizona State,,False,[],
streamed.pk,"Sunday, January 18, 2026",American Football,1768779000000,2026-01-18 18:30:00-05:00,,,Chicago Bears vs Los Angeles Rams,https://embedsports.top/embed/charlie/los-angeles-rams-vs-chicago-bears-1629473687/1,False,[],https://embedsports.top/embed/charlie/los-angeles-rams-vs-chicago-bears-1629473687/1
streamed.pk,"Sunday, January 18, 2026",Cricket,1768779600000,2026-01-18 18:40:00-05:00,,,Women's Super Smash: Wellington Blaze vs Canterbury Magicians,https://embedsports.top/embed/charlie/wellington-blaze-vs-canterbury-magicians-1629473688/1,False,[],https://embedsports.top/embed/charlie/wellington-blaze-vs-canterbury-magicians-1629473688/1
streamed.pk,"Sunday, January 18, 2026",Other,1768780800000,2026-01-18 19:00:00-05:00,,,Fight Life: Never Easy 2026,https://embedsports.top/embed/charlie/never-easy-2026-1629473691/1,False,[],https://embedsports.top/embed/charlie/never-easy-2026-1629473691/1
streamed.pk,"Sunday, January 18, 2026",Golf,1768780800000,2026-01-18 19:00:00-05:00,,,PGA Tour: Hawaiian Open | Day 4,https://embedsports.top/embed/charlie/hawaiian-open-or-day-4-1629473692/1,False,[],https://embedsports.top/embed/charlie/hawaiian-open-or-day-4-1629473692/1
streamed.pk,"Sunday, January 18, 2026",Tennis,1768780800000,2026-01-18 19:00:00-05:00,,,Australian Open: Court 5,https://embedsports.top/embed/charlie/court-5-1629473705/1,False,[],https://embedsports.top/embed/charlie/court-5-1629473705/1
streamed.pk,"Sunday, January 18, 2026",Tennis,1768780800000,2026-01-18 19:00:00-05:00,,,Australian Open: Court 7,https://embedsports.top/embed/charlie/court-7-1629473704/1,False,[],https://embedsports.top/embed/charlie/court-7-1629473704/1
streamed.pk,"Sunday, January 18, 2026",Tennis,1768780800000,2026-01-18 19:00:00-05:00,,,Australian Open: Court 13,https://embedsports.top/embed/charlie/court-13-1629473702/1,False,[],https://embedsports.top/embed/charlie/court-13-1629473702/1
streamed.pk,"Sunday, January 18, 2026",Tennis,1768780800000,2026-01-18 19:00:00-05:00,,,Australian Open: Court 6,https://embedsports.top/embed/charlie/court-6-1629473701/1,False,[],https://embedsports.top/embed/charlie/court-6-1629473701/1
streamed.pk,"Sunday, January 18, 2026",Tennis,1768780800000,2026-01-18 19:00:00-05:00,,,Australian Open: Court 15,https://embedsports.top/embed/charlie/court-15-1629473695/1,False,[],https://embedsports.top/embed/charlie/court-15-1629473695/1
streamed.pk,"Sunday, January 18, 2026",Tennis,1768780800000,2026-01-18 19:00:00-05:00,,,Australian Open: Court 14,https://embedsports.top/embed/charlie/court-14-1629473693/1,False,[],https://embedsports.top/embed/charlie/court-14-1629473693/1
streamed.pk,"Sunday, January 18, 2026",Tennis,1768780800000,2026-01-18 19:00:00-05:00,,,Australian Open: Court 8,https://embedsports.top/embed/charlie/court-8-1629473694/1,False,[],https://embedsports.top/embed/charlie/court-8-1629473694/1
streamed.pk,"Sunday, January 18, 2026",Tennis,1768780800000,2026-01-18 19:00:00-05:00,,,Australian Open: 1573 Arena,https://embedsports.top/embed/charlie/1573-arena-1629473696/1,False,[],https://embedsports.top/embed/charlie/1573-arena-1629473696/1
streamed.pk,"Sunday, January 18, 2026",Tennis,1768780800000,2026-01-18 19:00:00-05:00,,,Australian Open: Court 12,https://embedsports.top/embed/charlie/court-12-1629473700/1,False,[],https://embedsports.top/embed/charlie/court-12-1629473700/1
streamed.pk,"Sunday, January 18, 2026",Tennis,1768780800000,2026-01-18 19:00:00-05:00,,,Australian Open - Tennis: John Cain Arena,,False,[],
streamed.pk,"Sunday, January 18, 2026",Basketball,1768780800000,2026-01-18 19:00:00-05:00,,,Houston Rockets vs New Orleans Pelicans,https://embedsports.top/embed/charlie/new-orleans-pelicans-vs-houston-rockets-1629473690/1,False,[],https://embedsports.top/embed/charlie/new-orleans-pelicans-vs-houston-rockets-1629473690/1
streamed.pk,"Sunday, January 18, 2026",Basketball,1768780800000,2026-01-18 19:00:00-05:00,,,Chicago Bulls vs Brooklyn Nets,https://embedsports.top/embed/charlie/brooklyn-nets-vs-chicago-bulls-1629473689/1,False,[],https://embedsports.top/embed/charlie/brooklyn-nets-vs-chicago-bulls-1629473689/1
streamed.pk,"Sunday, January 18, 2026",Basketball,1768780800000,2026-01-18 19:00:00-05:00,,,San Francisco vs Washington State,,False,[],
streamed.pk,"Sunday, January 18, 2026",Football,1768781700000,2026-01-18 19:15:00-05:00,,,Lanús vs Sarmiento de La Banda,,False,[],
streamed.pk,"Sunday, January 18, 2026",Other,1768782600000,2026-01-18 19:30:00-05:00,,,Australian Open | Men's and Women's 1st Round - Melbourne Park,,False,[],
streamed.pk,"Sunday, January 18, 2026",Hockey,1768784400000,2026-01-18 20:00:00-05:00,,,Edmonton Oilers vs St. Louis Blues,https://embedsports.top/embed/charlie/st-louis-blues-vs-edmonton-oilers-1629473707/1,False,[],https://embedsports.top/embed/charlie/st-louis-blues-vs-edmonton-oilers-1629473707/1
streamed.pk,"Sunday, January 18, 2026",Basketball,1768784400000,2026-01-18 20:00:00-05:00,,,Denver Nuggets vs Charlotte Hornets,https://embedsports.top/embed/charlie/charlotte-hornets-vs-denver-nuggets-1629473706/1,False,[],https://embedsports.top/embed/charlie/charlotte-hornets-vs-denver-nuggets-1629473706/1
streamed.pk,"Sunday, January 18, 2026",Football,1768784760000,2026-01-18 20:06:00-05:00,,,Pachuca vs CF America,,False,[],
streamed.pk,"Sunday, January 18, 2026",Football,1768786200000,2026-01-18 20:30:00-05:00,,,Santa Fe vs Rionegro Aguilas,,False,[],
streamed.pk,"Sunday, January 18, 2026",Other,1768788000000,2026-01-18 21:00:00-05:00,,,Primos Pro Wrestling: New Reign Risin 2026,https://embedsports.top/embed/charlie/new-reign-risin-2026-1629473709/1,False,[],https://embedsports.top/embed/charlie/new-reign-risin-2026-1629473709/1
streamed.pk,"Sunday, January 18, 2026",Basketball,1768788000000,2026-01-18 21:00:00-05:00,,,Sacramento Kings vs Portland Trail Blazers,https://embedsports.top/embed/charlie/portland-trail-blazers-vs-sacramento-kings-1629473708/1,False,[],https://embedsports.top/embed/charlie/portland-trail-blazers-vs-sacramento-kings-1629473708/1
streamed.pk,"Sunday, January 18, 2026",Basketball,1768789800000,2026-01-18 21:30:00-05:00,,,Los Angeles Lakers vs Toronto Raptors,https://embedsports.top/embed/charlie/toronto-raptors-vs-los-angeles-lakers-1629473710/1,False,[],https://embedsports.top/embed/charlie/toronto-raptors-vs-los-angeles-lakers-1629473710/1
streamed.pk,"Sunday, January 18, 2026",Cricket,1768793100000,2026-01-18 22:25:00-05:00,,,Wellington Firebirds vs Canterbury Kings,https://embedsports.top/embed/charlie/wellington-firebirds-vs-canterbury-kings-1629473711/1,False,[],https://embedsports.top/embed/charlie/wellington-firebirds-vs-canterbury-kings-1629473711/1
streamed.pk,"Monday, January 19, 2026",Hockey,1768802400000,2026-01-19 01:00:00-05:00,,,Mexico U20 vs Luxembourg U20 U20,,False,[],
streamed.pk,"Monday, January 19, 2026",Cricket,1768806000000,2026-01-19 02:00:00-05:00,,,Bangladesh Premier League: TBA vs TBA,https://embedsports.top/embed/charlie/tba-vs-tba-1629473712/1,False,[],https://embedsports.top/embed/charlie/tba-vs-tba-1629473712/1
streamed.pk,"Monday, January 19, 2026",Cricket,1768807800000,2026-01-19 02:30:00-05:00,,,ICC Under-19 Cricket World Cup: South Africa vs Tanzania,https://embedsports.top/embed/charlie/south-africa-vs-tanzania-1629473715/1,False,[],https://embedsports.top/embed/charlie/south-africa-vs-tanzania-1629473715/1
streamed.pk,"Monday, January 19, 2026",Cricket,1768807800000,2026-01-19 02:30:00-05:00,,,ICC Under-19 Cricket World Cup: Sri Lanka vs Ireland,https://embedsports.top/embed/charlie/sri-lanka-vs-ireland-1629473714/1,False,[],https://embedsports.top/embed/charlie/sri-lanka-vs-ireland-1629473714/1
streamed.pk,"Monday, January 19, 2026",Football,1768831200000,2026-01-19 09:00:00-05:00,,,Konyaspor vs Eyüpspor,,False,[],
streamed.pk,"Monday, January 19, 2026",Cricket,1768833000000,2026-01-19 09:30:00-05:00,,,Afghanistan and West Indies tour of UAE: Afghanistan vs West Indies,https://embedsports.top/embed/charlie/afghanistan-vs-west-indies-1629473717/1,False,[],https://embedsports.top/embed/charlie/afghanistan-vs-west-indies-1629473717/1
streamed.pk,"Monday, January 19, 2026",Cricket,1768836600000,2026-01-19 10:30:00-05:00,,,Paarl Royals vs Joburg Super Kings,https://embedsports.top/embed/charlie/paarl-royals-vs-joburg-super-kings-1629473718/1,False,[],https://embedsports.top/embed/charlie/paarl-royals-vs-joburg-super-kings-1629473718/1
streamed.pk,"Monday, January 19, 2026",Darts,1768838400000,2026-01-19 11:00:00-05:00,,,Saudi Arabia Darts Masters: Day 1,https://embedsports.top/embed/charlie/day-1-1629474375/1,False,[],https://embedsports.top/embed/charlie/day-1-1629474375/1
streamed.pk,"Monday, January 19, 2026",Football,1768838400000,2026-01-19 11:00:00-05:00,,,Panetolikos vs Levadiakos,,False,[],
streamed.pk,"Monday, January 19, 2026",Football,1768842000000,2026-01-19 12:00:00-05:00,,,Süper Lig: Besiktas vs Kayserispor,https://embedsports.top/embed/charlie/besiktas-vs-kayserispor-1394588/1,False,[],https://embedsports.top/embed/charlie/besiktas-vs-kayserispor-1394588/1
streamed.pk,"Monday, January 19, 2026",Football,1768842000000,2026-01-19 12:00:00-05:00,,,Göztepe vs Rizespor,,False,[],
streamed.pk,"Monday, January 19, 2026",Football,1768842000000,2026-01-19 12:00:00-05:00,,,Beşiktaş vs Kayserispor,,False,[],
streamed.pk,"Monday, January 19, 2026",Football,1768843800000,2026-01-19 12:30:00-05:00,,,Cremonese vs Hellas Verona,https://embedsports.top/embed/charlie/cremonese-vs-verona-1378066/1,False,[],https://embedsports.top/embed/charlie/cremonese-vs-verona-1378066/1
streamed.pk,"Monday, January 19, 2026",Football,1768845600000,2026-01-19 13:00:00-05:00,,,Volos vs Atromitos,,False,[],
streamed.pk,"Monday, January 19, 2026",Football,1768845600000,2026-01-19 13:00:00-05:00,,,Sporting B vs Torreense,https://embedsports.top/embed/charlie/sporting-cp-b-vs-torreense-1398129/1,False,[],https://embedsports.top/embed/charlie/sporting-cp-b-vs-torreense-1398129/1
streamed.pk,"Monday, January 19, 2026",Football,1768845600000,2026-01-19 13:00:00-05:00,,,Feirense vs FC Porto B,https://embedsports.top/embed/charlie/feirense-vs-fc-porto-b-1398124/1,False,[],https://embedsports.top/embed/charlie/feirense-vs-fc-porto-b-1398124/1
streamed.pk,"Monday, January 19, 2026",Basketball,1768845600000,2026-01-19 13:00:00-05:00,,,Atlanta Hawks vs Milwaukee Bucks,https://embedsports.top/embed/charlie/milwaukee-bucks-vs-atlanta-hawks-1629473719/1,False,[],https://embedsports.top/embed/charlie/milwaukee-bucks-vs-atlanta-hawks-1629473719/1
streamed.pk,"Monday, January 19, 2026",Hockey,1768847400000,2026-01-19 13:30:00-05:00,,,Carolina Hurricanes vs Buffalo Sabres,https://embedsports.top/embed/charlie/buffalo-sabres-vs-carolina-hurricanes-1629473720/1,False,[],https://embedsports.top/embed/charlie/buffalo-sabres-vs-carolina-hurricanes-1629473720/1
streamed.pk,"Monday, January 19, 2026",Football,1768851000000,2026-01-19 14:30:00-05:00,,,Granada vs Eibar,https://embedsports.top/embed/charlie/granada-cf-vs-eibar-1392003/1,False,[],https://embedsports.top/embed/charlie/granada-cf-vs-eibar-1392003/1
streamed.pk,"Monday, January 19, 2026",Basketball,1768851000000,2026-01-19 14:30:00-05:00,,,Cleveland Cavaliers vs Oklahoma City Thunder,https://embedsports.top/embed/charlie/oklahoma-city-thunder-vs-cleveland-cavaliers-1629473721/1,False,[],https://embedsports.top/embed/charlie/oklahoma-city-thunder-vs-cleveland-cavaliers-1629473721/1
streamed.pk,"Monday, January 19, 2026",Football,1768851900000,2026-01-19 14:45:00-05:00,,,Nancy Lorraine vs Guingamp,,False,[],
streamed.pk,"Monday, January 19, 2026",Football,1768851900000,2026-01-19 14:45:00-05:00,,,Lazio vs Como,https://embedsports.top/embed/charlie/lazio-vs-como-1378067/1,False,[],https://embedsports.top/embed/charlie/lazio-vs-como-1378067/1
streamed.pk,"Monday, January 19, 2026",Football,1768852800000,2026-01-19 15:00:00-05:00,,,Brighton and Hove Albion vs Bournemouth,https://embedsports.top/embed/charlie/brighton-vs-bournemouth-1379180/1,False,[],https://embedsports.top/embed/charlie/brighton-vs-bournemouth-1379180/1
streamed.pk,"Monday, January 19, 2026",Football,1768852800000,2026-01-19 15:00:00-05:00,,,Elche vs Sevilla,https://embedsports.top/embed/charlie/elche-vs-sevilla-1391012/1,False,[],https://embedsports.top/embed/charlie/elche-vs-sevilla-1391012/1
streamed.pk,"Monday, January 19, 2026",Basketball,1768852800000,2026-01-19 15:00:00-05:00,,,Washington Wizards vs Los Angeles Clippers,https://embedsports.top/embed/charlie/los-angeles-clippers-vs-washington-wizards-1629473722/1,False,[],https://embedsports.top/embed/charlie/los-angeles-clippers-vs-washington-wizards-1629473722/1
streamed.pk,"Monday, January 19, 2026",Football,1768853700000,2026-01-19 15:15:00-05:00,,,Estrela Amadora vs Estoril Praia,https://embedsports.top/embed/charlie/estrela-vs-estoril-1396392/1,False,[],https://embedsports.top/embed/charlie/estrela-vs-estoril-1396392/1
streamed.pk,"Monday, January 19, 2026",Football,1768856400000,2026-01-19 16:00:00-05:00,,,Cucuta vs Once Caldas,,False,[],
streamed.pk,"Monday, January 19, 2026",Hockey,1768856400000,2026-01-19 16:00:00-05:00,,,Colorado Avalanche vs Washington Capitals,https://embedsports.top/embed/charlie/washington-capitals-vs-colorado-avalanche-1629473723/1,False,[],https://embedsports.top/embed/charlie/washington-capitals-vs-colorado-avalanche-1629473723/1
streamed.pk,"Monday, January 19, 2026",Hockey,1768860000000,2026-01-19 17:00:00-05:00,,,Seattle Kraken vs Pittsburgh Penguins,https://embedsports.top/embed/charlie/pittsburgh-penguins-vs-seattle-kraken-1629473726/1,False,[],https://embedsports.top/embed/charlie/pittsburgh-penguins-vs-seattle-kraken-1629473726/1
streamed.pk,"Monday, January 19, 2026",Basketball,1768860000000,2026-01-19 17:00:00-05:00,,,San Antonio Spurs vs Utah Jazz,https://embedsports.top/embed/charlie/utah-jazz-vs-san-antonio-spurs-1629473724/1,False,[],https://embedsports.top/embed/charlie/utah-jazz-vs-san-antonio-spurs-1629473724/1
streamed.pk,"Monday, January 19, 2026",Basketball,1768860000000,2026-01-19 17:00:00-05:00,,,New York Knicks vs Dallas Mavericks,https://embedsports.top/embed/charlie/dallas-mavericks-vs-new-york-knicks-1629473725/1,False,[],https://embedsports.top/embed/charlie/dallas-mavericks-vs-new-york-knicks-1629473725/1
streamed.pk,"Monday, January 19, 2026",Hockey,1768863600000,2026-01-19 18:00:00-05:00,,,Florida Panthers vs San Jose Sharks,https://embedsports.top/embed/charlie/san-jose-sharks-vs-florida-panthers-1629473727/1,False,[],https://embedsports.top/embed/charlie/san-jose-sharks-vs-florida-panthers-1629473727/1
streamed.pk,"Monday, January 19, 2026",American Football,1768865400000,2026-01-19 18:30:00-05:00,,,Indiana vs Miami (FL),,False,[],
streamed.pk,"Monday, January 19, 2026",Tennis,1768867200000,2026-01-19 19:00:00-05:00,,,Australian Open: Court TBC,https://embedsports.top/embed/charlie/court-tbc-1629473738/1,False,[],https://embedsports.top/embed/charlie/court-tbc-1629473738/1
streamed.pk,"Monday, January 19, 2026",Tennis,1768867200000,2026-01-19 19:00:00-05:00,,,Australian Open: Court 7,https://embedsports.top/embed/charlie/court-7-1629473731/1,False,[],https://embedsports.top/embed/charlie/court-7-1629473731/1
streamed.pk,"Monday, January 19, 2026",Tennis,1768867200000,2026-01-19 19:00:00-05:00,,,Australian Open: Court 5,https://embedsports.top/embed/charlie/court-5-1629473735/1,False,[],https://embedsports.top/embed/charlie/court-5-1629473735/1
streamed.pk,"Monday, January 19, 2026",Tennis,1768867200000,2026-01-19 19:00:00-05:00,,,Australian Open: Court 13,https://embedsports.top/embed/charlie/court-13-1629473736/1,False,[],https://embedsports.top/embed/charlie/court-13-1629473736/1
streamed.pk,"Monday, January 19, 2026",Tennis,1768867200000,2026-01-19 19:00:00-05:00,,,Australian Open: Court 15,https://embedsports.top/embed/charlie/court-15-1629473741/1,False,[],https://embedsports.top/embed/charlie/court-15-1629473741/1
streamed.pk,"Monday, January 19, 2026",Tennis,1768867200000,2026-01-19 19:00:00-05:00,,,Australian Open: Court 8,https://embedsports.top/embed/charlie/court-8-1629473733/1,False,[],https://embedsports.top/embed/charlie/court-8-1629473733/1
streamed.pk,"Monday, January 19, 2026",Tennis,1768867200000,2026-01-19 19:00:00-05:00,,,Australian Open: Court 10,https://embedsports.top/embed/charlie/court-10-1629473729/1,False,[],https://embedsports.top/embed/charlie/court-10-1629473729/1
streamed.pk,"Monday, January 19, 2026",Tennis,1768867200000,2026-01-19 19:00:00-05:00,,,Australian Open: 1573 Arena,https://embedsports.top/embed/charlie/1573-arena-1629473730/1,False,[],https://embedsports.top/embed/charlie/1573-arena-1629473730/1
streamed.pk,"Monday, January 19, 2026",Tennis,1768867200000,2026-01-19 19:00:00-05:00,,,Australian Open: Court 14,https://embedsports.top/embed/charlie/court-14-1629473734/1,False,[],https://embedsports.top/embed/charlie/court-14-1629473734/1
streamed.pk,"Monday, January 19, 2026",Tennis,1768867200000,2026-01-19 19:00:00-05:00,,,Australian Open: Court 12,https://embedsports.top/embed/charlie/court-12-1629473739/1,False,[],https://embedsports.top/embed/charlie/court-12-1629473739/1
streamed.pk,"Monday, January 19, 2026",Tennis,1768867200000,2026-01-19 19:00:00-05:00,,,Australian Open: Court 6,https://embedsports.top/embed/charlie/court-6-1629473732/1,False,[],https://embedsports.top/embed/charlie/court-6-1629473732/1
streamed.pk,"Monday, January 19, 2026",Basketball,1768867200000,2026-01-19 19:00:00-05:00,,,NBA: Indiana Pacers vs Philadelphia 76ers,https://embedsports.top/embed/charlie/indiana-pacers-vs-philadelphia-76ers-1629473728/1,False,[],https://embedsports.top/embed/charlie/indiana-pacers-vs-philadelphia-76ers-1629473728/1
streamed.pk,"Monday, January 19, 2026",Football,1768868100000,2026-01-19 19:15:00-05:00,,,Estudiantes L.P. vs Ituzaingó,,False,[],
streamed.pk,"Monday, January 19, 2026",American Football,1768869000000,2026-01-19 19:30:00-05:00,,,vs,,False,[],
streamed.pk,"Monday, January 19, 2026",Hockey,1768869000000,2026-01-19 19:30:00-05:00,,,NHL: Minnesota Wild vs Toronto Maple Leafs,https://embedsports.top/embed/charlie/minnesota-wild-vs-toronto-maple-leafs-1629473742/1,False,[],https://embedsports.top/embed/charlie/minnesota-wild-vs-toronto-maple-leafs-1629473742/1
streamed.pk,"Monday, January 19, 2026",Basketball,1768869000000,2026-01-19 19:30:00-05:00,,,NBA: Phoenix Suns vs Brooklyn Nets,https://embedsports.top/embed/charlie/phoenix-suns-vs-brooklyn-nets-1629473743/1,False,[],https://embedsports.top/embed/charlie/phoenix-suns-vs-brooklyn-nets-1629473743/1
streamed.pk,"Monday, January 19, 2026",Hockey,1768870800000,2026-01-19 20:00:00-05:00,,,NHL: Philadelphia Flyers vs Vegas Golden Knights,https://embedsports.top/embed/charlie/philadelphia-flyers-vs-vegas-golden-knights-1629473745/1,False,[],https://embedsports.top/embed/charlie/philadelphia-flyers-vs-vegas-golden-knights-1629473745/1
streamed.pk,"Monday, January 19, 2026",Basketball,1768870800000,2026-01-19 20:00:00-05:00,,,NBA: Boston Celtics vs Detroit Pistons,https://embedsports.top/embed/charlie/boston-celtics-vs-detroit-pistons-1629473744/1,False,[],https://embedsports.top/embed/charlie/boston-celtics-vs-detroit-pistons-1629473744/1
streamed.pk,"Monday, January 19, 2026",Cricket,1768871400000,2026-01-19 20:10:00-05:00,,,Women's Super Smash: Northern Brave vs Central Hinds,https://embedsports.top/embed/charlie/northern-brave-vs-central-hinds-1629473746/1,False,[],https://embedsports.top/embed/charlie/northern-brave-vs-central-hinds-1629473746/1
streamed.pk,"Monday, January 19, 2026",Hockey,1768872600000,2026-01-19 20:30:00-05:00,,,NHL: Winnipeg Jets vs Chicago Blackhawks,https://embedsports.top/embed/charlie/winnipeg-jets-vs-chicago-blackhawks-1629473747/1,False,[],https://embedsports.top/embed/charlie/winnipeg-jets-vs-chicago-blackhawks-1629473747/1
streamed.pk,"Monday, January 19, 2026",Hockey,1768874400000,2026-01-19 21:00:00-05:00,,,NHL: New Jersey Devils vs Calgary Flames,https://embedsports.top/embed/charlie/new-jersey-devils-vs-calgary-flames-1629473748/1,False,[],https://embedsports.top/embed/charlie/new-jersey-devils-vs-calgary-flames-1629473748/1
streamed.pk,"Monday, January 19, 2026",Hockey,1768878000000,2026-01-19 22:00:00-05:00,,,NHL: New York Rangers vs Anaheim Ducks,https://embedsports.top/embed/charlie/new-york-rangers-vs-anaheim-ducks-1629473751/1,False,[],https://embedsports.top/embed/charlie/new-york-rangers-vs-anaheim-ducks-1629473751/1
streamed.pk,"Monday, January 19, 2026",Hockey,1768878000000,2026-01-19 22:00:00-05:00,,,NHL: New York Islanders vs Vancouver Canucks,https://embedsports.top/embed/charlie/new-york-islanders-vs-vancouver-canucks-1629473750/1,False,[],https://embedsports.top/embed/charlie/new-york-islanders-vs-vancouver-canucks-1629473750/1
streamed.pk,"Monday, January 19, 2026",Basketball,1768878000000,2026-01-19 22:00:00-05:00,,,NBA: Miami Heat vs Golden State Warriors,https://embedsports.top/embed/charlie/miami-heat-vs-golden-state-warriors-1629473749/1,False,[],https://embedsports.top/embed/charlie/miami-heat-vs-golden-state-warriors-1629473749/1
streamed.pk,"Sunday, January 18, 2026",Other,1768762800000,2026-01-18 14:00:00-05:00,,,Horse Racing: America's Day At the Races,https://embedsports.top/embed/charlie/americas-day-at-the-races-1629473681/1,True,[],https://embedsports.top/embed/charlie/americas-day-at-the-races-1629473681/1
streamed.pk,"Sunday, January 18, 2026",Football,1768770900000,2026-01-18 16:15:00-05:00,,,Bragantino vs Botafogo-SP,,True,[],
streamed.pk,"Sunday, January 18, 2026",Football,1768770600000,2026-01-18 16:10:00-05:00,,,Jaguares de Córdoba vs Deportivo Cali,,True,[],
streamed.pk,"Sunday, January 18, 2026",Football,1768770000000,2026-01-18 16:00:00-05:00,,,Bolivia vs Panama,,True,[],
streamed.pk,"Monday, January 19, 2026",Football,1768842000000,2026-01-19 12:00:00-05:00,,,Besiktas vs Kayserispor,https://embedsports.top/embed/charlie/besiktas-vs-kayserispor-1394588/1,False,[],https://embedsports.top/embed/charlie/besiktas-vs-kayserispor-1394588/1
streamed.pk,"Sunday, January 18, 2026",Hockey,1768762800000,2026-01-18 14:00:00-05:00,,,Dallas Stars vs Tampa Bay Lightning,https://embedsports.top/embed/charlie/tampa-bay-lightning-vs-dallas-stars-1629473680/1,True,[],https://embedsports.top/embed/charlie/tampa-bay-lightning-vs-dallas-stars-1629473680/1
streamed.pk,"Sunday, January 18, 2026",Football,1768765500000,2026-01-18 14:45:00-05:00,,,Lyon vs Brest,https://embedsports.top/embed/charlie/lyon-vs-stade-brestois-29-1387853/1,True,[],https://embedsports.top/embed/charlie/lyon-vs-stade-brestois-29-1387853/1
streamed.pk,"Sunday, January 18, 2026",Football,1768765500000,2026-01-18 14:45:00-05:00,,,AC Milan vs Lecce,https://embedsports.top/embed/charlie/ac-milan-vs-lecce-1378068/1,True,[],https://embedsports.top/embed/charlie/ac-milan-vs-lecce-1378068/1
